"row ID","City","Year","Month","MaxTempAvg","MaxTempMax","MinTempMean","MinTempMin","SnowMean_in_CM","SunHourMean","WindGustKmphMean","CloudcoverMean","HumidityMean","PercipMean","TempMean","Mean(windspeedKmph)","PowerPlanName","Col0","NumberOfOutages"
"Row13_Row40_Row378","Bergheim",2018,"April",18,27,9.233333333333333,2,0,10.169999999999998,17.033333333333335,43.2,68.76666666666664,0.7566666666666667,18,11.366666666666665,"Niederaußem",378,24
"Row14_Row40_Row367","Bergheim",2018,"August",25.4516129032258,35,16.45161290322581,9,0,11.90967741935484,15.193548387096774,34.09677419354839,60.032258064516135,0.4677419354838712,25.4516129032258,10.935483870967744,"Niederaußem",367,22
"Row15_Row40_Row368","Bergheim",2018,"December",7.29032258064516,13,3.806451612903226,-1,0.051612903225806445,3.5322580645161303,22.161290322580644,68.41935483870967,80.70967741935485,1.2258064516129032,7.29032258064516,14.096774193548384,"Niederaußem",368,22
"Row16_Row40_Row369","Bergheim",2018,"February",2.9999999999999987,7,-1.8571428571428572,-8,0.046428571428571416,8.364285714285714,18.321428571428573,38.785714285714285,66.82142857142861,0.29642857142857143,2.9999999999999987,12.571428571428573,"Niederaußem",369,19
"Row17_Row40_Row370","Bergheim",2018,"January",7.483870967741935,13,3.838709677419354,0,0.04838709677419355,3.9709677419354854,24.64516129032258,72.09677419354837,83.03225806451613,0.7774193548387096,7.483870967741935,15.870967741935486,"Niederaußem",370,40
"Row18_Row40_Row371","Bergheim",2018,"July",27.38709677419354,35,16.677419354838708,11,0,15.9,12.645161290322585,21.70967741935484,55.8064516129032,0.4516129032258066,27.38709677419354,8.87096774193548,"Niederaußem",371,24
"Row19_Row40_Row372","Bergheim",2018,"June",22.433333333333334,29,13.899999999999999,8,0,15.136666666666668,14.433333333333332,43.66666666666665,71.5333333333333,0.5933333333333333,22.433333333333334,10.233333333333336,"Niederaußem",372,38
"Row20_Row40_Row374","Bergheim",2018,"March",8.54838709677419,15,1.6451612903225805,-7,0.04838709677419355,8.680645161290323,19.70967741935484,59.193548387096754,73.45161290322582,1.0741935483870968,8.54838709677419,13.32258064516129,"Niederaußem",374,19
"Row21_Row40_Row373","Bergheim",2018,"May",21.967741935483875,29,11.967741935483872,5,0,15.122580645161287,14.612903225806452,30.61290322580645,66.64516129032258,1.0774193548387099,21.967741935483875,10.03225806451613,"Niederaußem",373,108
"Row22_Row40_Row375","Bergheim",2018,"November",9.933333333333332,16,4.966666666666666,0,0,6.426666666666667,18.799999999999997,45.5,77.93333333333332,0.6166666666666668,9.933333333333332,11.73333333333333,"Niederaußem",375,28
"Row23_Row40_Row376","Bergheim",2018,"October",16.225806451612907,26,9.387096774193546,3,0,8.825806451612904,17.64516129032258,41.83870967741935,72.06451612903226,0.36451612903225805,16.225806451612907,11.516129032258066,"Niederaußem",376,27
"Row24_Row40_Row377","Bergheim",2018,"September",20.733333333333334,29,12.133333333333331,6,0,10.296666666666667,13.733333333333336,32.166666666666664,64.76666666666665,0.5033333333333335,20.733333333333334,9.466666666666663,"Niederaußem",377,56
"Row26_Row0_Row11","Bergkamen",2018,"April",18.800000000000004,28,10.43333333333333,3,0,10.26333333333333,14.866666666666667,42.06666666666666,62.89999999999999,0.24666666666666667,18.800000000000004,10.933333333333337,"Bergkamen",11,9
"Row27_Row0_Row0","Bergkamen",2018,"August",25.645161290322584,36,17.35483870967742,11,0,12.148387096774192,13.580645161290324,34.967741935483865,56.74193548387097,0.07741935483870967,25.645161290322584,10.516129032258068,"Bergkamen",0,6
"Row28_Row0_Row1","Bergkamen",2018,"December",6.999999999999999,12,4.161290322580646,-1,0.006451612903225806,3.3483870967741947,21.93548387096774,71.38709677419354,79.45161290322578,0.21612903225806443,6.999999999999999,14.548387096774192,"Bergkamen",1,6
"Row29_Row0_Row2","Bergkamen",2018,"February",2.464285714285714,6,-1.4642857142857144,-8,0.010714285714285713,8.478571428571428,17.642857142857146,38.64285714285713,65.67857142857142,0.021428571428571425,2.464285714285714,12.607142857142858,"Bergkamen",2,29
"Row30_Row0_Row3","Bergkamen",2018,"January",7.032258064516129,13,3.7096774193548385,1,0.03225806451612903,3.94516129032258,23.451612903225808,71.90322580645162,81.258064516129,0.17741935483870971,7.032258064516129,15.612903225806452,"Bergkamen",3,2
"Row31_Row0_Row4","Bergkamen",2018,"July",27.064516129032256,34,17.32258064516129,12,0,15.803225806451612,11.09677419354839,21.483870967741943,54.90322580645161,0.14516129032258066,27.064516129032256,8.483870967741934,"Bergkamen",4,8
"Row32_Row0_Row5","Bergkamen",2018,"June",22.499999999999996,30,14.799999999999997,9,0,15.156666666666665,12.933333333333334,46.20000000000001,67.80000000000001,0.22000000000000003,22.499999999999996,9.966666666666667,"Bergkamen",5,2
"Row33_Row0_Row7","Bergkamen",2018,"March",8.129032258064516,15,1.7096774193548387,-8,0.006451612903225806,9.025806451612906,17.580645161290317,55.25806451612902,68.80645161290322,0.11612903225806455,8.129032258064516,12.483870967741934,"Bergkamen",7,14
"Row34_Row0_Row6","Bergkamen",2018,"May",22.419354838709673,30,13.032258064516126,7,0,15.280645161290318,13.709677419354836,28.870967741935484,62.12903225806453,0.19354838709677413,22.419354838709673,10.193548387096776,"Bergkamen",6,4
"Row35_Row0_Row8","Bergkamen",2018,"November",9.73333333333333,18,5.366666666666668,1,0.009999999999999998,6.299999999999998,17,46.799999999999976,75.69999999999996,0.06333333333333332,9.73333333333333,11.266666666666667,"Bergkamen",8,4
"Row36_Row0_Row9","Bergkamen",2018,"October",16.29032258064516,26,10.096774193548386,2,0,8.81612903225806,16.387096774193548,40.51612903225806,68.80645161290322,0.041935483870967745,16.29032258064516,11.419354838709676,"Bergkamen",9,3
"Row37_Row0_Row10","Bergkamen",2018,"September",20.866666666666667,29,13.266666666666666,7,0,10.516666666666666,13.766666666666666,30.799999999999997,60.29999999999998,0.05666666666666665,20.866666666666667,10.16666666666667,"Bergkamen",10,6
"Row39_Row13_Row111","Berlin",2018,"April",18.833333333333332,27,9.799999999999999,-1,0.006666666666666665,11.636666666666661,17.6,33.13333333333335,64.46666666666665,0.4133333333333333,18.833333333333332,12.766666666666667,"HKW Klingenberg",111,14
"Row39_Row14_Row120","Berlin",2018,"April",18.833333333333332,27,9.799999999999999,-1,0.006666666666666665,11.636666666666661,17.6,33.13333333333335,64.46666666666665,0.4133333333333333,18.833333333333332,12.766666666666667,"HKW Lichterfelde",120,6
"Row39_Row15_Row131","Berlin",2018,"April",18.833333333333332,27,9.799999999999999,-1,0.006666666666666665,11.636666666666661,17.6,33.13333333333335,64.46666666666665,0.4133333333333333,18.833333333333332,12.766666666666667,"HKW Mitte",131,23
"Row39_Row18_Row154","Berlin",2018,"April",18.833333333333332,27,9.799999999999999,-1,0.006666666666666665,11.636666666666661,17.6,33.13333333333335,64.46666666666665,0.4133333333333333,18.833333333333332,12.766666666666667,"HKW Reuter",154,5
"Row39_Row19_Row166","Berlin",2018,"April",18.833333333333332,27,9.799999999999999,-1,0.006666666666666665,11.636666666666661,17.6,33.13333333333335,64.46666666666665,0.4133333333333333,18.833333333333332,12.766666666666667,"HKW Reuter West",166,11
"Row40_Row14_Row112","Berlin",2018,"August",27.161290322580633,36,18.548387096774196,12,0,12.90322580645161,14.387096774193544,28.51612903225806,52.193548387096776,0.5612903225806452,27.161290322580633,10.967741935483868,"HKW Lichterfelde",112,3
"Row40_Row15_Row121","Berlin",2018,"August",27.161290322580633,36,18.548387096774196,12,0,12.90322580645161,14.387096774193544,28.51612903225806,52.193548387096776,0.5612903225806452,27.161290322580633,10.967741935483868,"HKW Mitte",121,1
"Row40_Row18_Row146","Berlin",2018,"August",27.161290322580633,36,18.548387096774196,12,0,12.90322580645161,14.387096774193544,28.51612903225806,52.193548387096776,0.5612903225806452,27.161290322580633,10.967741935483868,"HKW Reuter",146,1
"Row40_Row19_Row155","Berlin",2018,"August",27.161290322580633,36,18.548387096774196,12,0,12.90322580645161,14.387096774193544,28.51612903225806,52.193548387096776,0.5612903225806452,27.161290322580633,10.967741935483868,"HKW Reuter West",155,6
"Row41_Row15_Row122","Berlin",2018,"December",5.838709677419356,12,2.6451612903225796,-3,0.006451612903225807,2.7419354838709684,21.580645161290324,80.64516129032255,84.3225806451613,0.5064516129032257,5.838709677419356,14.032258064516128,"HKW Mitte",122,9
"Row41_Row18_Row147","Berlin",2018,"December",5.838709677419356,12,2.6451612903225796,-3,0.006451612903225807,2.7419354838709684,21.580645161290324,80.64516129032255,84.3225806451613,0.5064516129032257,5.838709677419356,14.032258064516128,"HKW Reuter",147,1
"Row41_Row19_Row156","Berlin",2018,"December",5.838709677419356,12,2.6451612903225796,-3,0.006451612903225807,2.7419354838709684,21.580645161290324,80.64516129032255,84.3225806451613,0.5064516129032257,5.838709677419356,14.032258064516128,"HKW Reuter West",156,19
"Row42_Row14_Row113","Berlin",2018,"February",1.6428571428571437,6,-2.571428571428571,-11,0.02500000000000001,8.374999999999998,13.964285714285715,44.67857142857143,65.92857142857144,0.05,1.6428571428571437,10.07142857142857,"HKW Lichterfelde",113,18
"Row42_Row18_Row148","Berlin",2018,"February",1.6428571428571437,6,-2.571428571428571,-11,0.02500000000000001,8.374999999999998,13.964285714285715,44.67857142857143,65.92857142857144,0.05,1.6428571428571437,10.07142857142857,"HKW Reuter",148,4
"Row42_Row19_Row157","Berlin",2018,"February",1.6428571428571437,6,-2.571428571428571,-11,0.02500000000000001,8.374999999999998,13.964285714285715,44.67857142857143,65.92857142857144,0.05,1.6428571428571437,10.07142857142857,"HKW Reuter West",157,2
"Row43_Row13_Row103","Berlin",2018,"January",4.838709677419357,10,1.8709677419354844,-3,0.05161290322580646,3.5709677419354833,22.258064516129032,73.58064516129035,80.48387096774188,0.7870967741935483,4.838709677419357,14.580645161290322,"HKW Klingenberg",103,3
"Row43_Row14_Row114","Berlin",2018,"January",4.838709677419357,10,1.8709677419354844,-3,0.05161290322580646,3.5709677419354833,22.258064516129032,73.58064516129035,80.48387096774188,0.7870967741935483,4.838709677419357,14.580645161290322,"HKW Lichterfelde",114,14
"Row43_Row15_Row123","Berlin",2018,"January",4.838709677419357,10,1.8709677419354844,-3,0.05161290322580646,3.5709677419354833,22.258064516129032,73.58064516129035,80.48387096774188,0.7870967741935483,4.838709677419357,14.580645161290322,"HKW Mitte",123,14
"Row43_Row18_Row149","Berlin",2018,"January",4.838709677419357,10,1.8709677419354844,-3,0.05161290322580646,3.5709677419354833,22.258064516129032,73.58064516129035,80.48387096774188,0.7870967741935483,4.838709677419357,14.580645161290322,"HKW Reuter",149,1
"Row43_Row19_Row158","Berlin",2018,"January",4.838709677419357,10,1.8709677419354844,-3,0.05161290322580646,3.5709677419354833,22.258064516129032,73.58064516129035,80.48387096774188,0.7870967741935483,4.838709677419357,14.580645161290322,"HKW Reuter West",158,54
"Row44_Row13_Row104","Berlin",2018,"July",27.06451612903225,35,17.483870967741936,12,0,15.980645161290317,13.161290322580642,27.193548387096776,55.00000000000001,1.2451612903225808,27.06451612903225,10.290322580645164,"HKW Klingenberg",104,1
"Row44_Row14_Row115","Berlin",2018,"July",27.06451612903225,35,17.483870967741936,12,0,15.980645161290317,13.161290322580642,27.193548387096776,55.00000000000001,1.2451612903225808,27.06451612903225,10.290322580645164,"HKW Lichterfelde",115,8
"Row44_Row15_Row124","Berlin",2018,"July",27.06451612903225,35,17.483870967741936,12,0,15.980645161290317,13.161290322580642,27.193548387096776,55.00000000000001,1.2451612903225808,27.06451612903225,10.290322580645164,"HKW Mitte",124,16
"Row44_Row18_Row150","Berlin",2018,"July",27.06451612903225,35,17.483870967741936,12,0,15.980645161290317,13.161290322580642,27.193548387096776,55.00000000000001,1.2451612903225808,27.06451612903225,10.290322580645164,"HKW Reuter",150,5
"Row44_Row19_Row159","Berlin",2018,"July",27.06451612903225,35,17.483870967741936,12,0,15.980645161290317,13.161290322580642,27.193548387096776,55.00000000000001,1.2451612903225808,27.06451612903225,10.290322580645164,"HKW Reuter West",159,9
"Row45_Row13_Row105","Berlin",2018,"June",24.166666666666664,31,15.533333333333333,10,0,15.810000000000004,15.933333333333332,39.46666666666666,60.466666666666676,0.6766666666666666,24.166666666666664,12.333333333333334,"HKW Klingenberg",105,1
"Row45_Row14_Row116","Berlin",2018,"June",24.166666666666664,31,15.533333333333333,10,0,15.810000000000004,15.933333333333332,39.46666666666666,60.466666666666676,0.6766666666666666,24.166666666666664,12.333333333333334,"HKW Lichterfelde",116,14
"Row45_Row15_Row125","Berlin",2018,"June",24.166666666666664,31,15.533333333333333,10,0,15.810000000000004,15.933333333333332,39.46666666666666,60.466666666666676,0.6766666666666666,24.166666666666664,12.333333333333334,"HKW Mitte",125,6
"Row45_Row18_Row151","Berlin",2018,"June",24.166666666666664,31,15.533333333333333,10,0,15.810000000000004,15.933333333333332,39.46666666666666,60.466666666666676,0.6766666666666666,24.166666666666664,12.333333333333334,"HKW Reuter",151,3
"Row45_Row19_Row160","Berlin",2018,"June",24.166666666666664,31,15.533333333333333,10,0,15.810000000000004,15.933333333333332,39.46666666666666,60.466666666666676,0.6766666666666666,24.166666666666664,12.333333333333334,"HKW Reuter West",160,34
"Row46_Row13_Row107","Berlin",2018,"March",4.870967741935481,15,-0.5161290322580644,-11,0.2,8.451612903225802,18.096774193548388,58.7741935483871,68.41935483870967,0.47096774193548396,4.870967741935481,12.935483870967742,"HKW Klingenberg",107,2
"Row46_Row14_Row117","Berlin",2018,"March",4.870967741935481,15,-0.5161290322580644,-11,0.2,8.451612903225802,18.096774193548388,58.7741935483871,68.41935483870967,0.47096774193548396,4.870967741935481,12.935483870967742,"HKW Lichterfelde",117,21
"Row46_Row15_Row127","Berlin",2018,"March",4.870967741935481,15,-0.5161290322580644,-11,0.2,8.451612903225802,18.096774193548388,58.7741935483871,68.41935483870967,0.47096774193548396,4.870967741935481,12.935483870967742,"HKW Mitte",127,24
"Row46_Row18_Row152","Berlin",2018,"March",4.870967741935481,15,-0.5161290322580644,-11,0.2,8.451612903225802,18.096774193548388,58.7741935483871,68.41935483870967,0.47096774193548396,4.870967741935481,12.935483870967742,"HKW Reuter",152,3
"Row46_Row19_Row162","Berlin",2018,"March",4.870967741935481,15,-0.5161290322580644,-11,0.2,8.451612903225802,18.096774193548388,58.7741935483871,68.41935483870967,0.47096774193548396,4.870967741935481,12.935483870967742,"HKW Reuter West",162,25
"Row47_Row13_Row106","Berlin",2018,"May",23.387096774193548,31,13.387096774193546,7,0,14.883870967741938,16.80645161290322,24.419354838709673,56.58064516129032,0.5290322580645163,23.387096774193548,12.741935483870968,"HKW Klingenberg",106,3
"Row47_Row15_Row126","Berlin",2018,"May",23.387096774193548,31,13.387096774193546,7,0,14.883870967741938,16.80645161290322,24.419354838709673,56.58064516129032,0.5290322580645163,23.387096774193548,12.741935483870968,"HKW Mitte",126,11
"Row47_Row19_Row161","Berlin",2018,"May",23.387096774193548,31,13.387096774193546,7,0,14.883870967741938,16.80645161290322,24.419354838709673,56.58064516129032,0.5290322580645163,23.387096774193548,12.741935483870968,"HKW Reuter West",161,4
"Row48_Row13_Row108","Berlin",2018,"November",8.366666666666664,16,4.266666666666665,-1,0,6.426666666666666,16.96666666666666,50.36666666666667,76.43333333333334,0.2733333333333333,8.366666666666664,11.633333333333331,"HKW Klingenberg",108,1
"Row48_Row14_Row118","Berlin",2018,"November",8.366666666666664,16,4.266666666666665,-1,0,6.426666666666666,16.96666666666666,50.36666666666667,76.43333333333334,0.2733333333333333,8.366666666666664,11.633333333333331,"HKW Lichterfelde",118,6
"Row48_Row15_Row128","Berlin",2018,"November",8.366666666666664,16,4.266666666666665,-1,0,6.426666666666666,16.96666666666666,50.36666666666667,76.43333333333334,0.2733333333333333,8.366666666666664,11.633333333333331,"HKW Mitte",128,51
"Row48_Row19_Row163","Berlin",2018,"November",8.366666666666664,16,4.266666666666665,-1,0,6.426666666666666,16.96666666666666,50.36666666666667,76.43333333333334,0.2733333333333333,8.366666666666664,11.633333333333331,"HKW Reuter West",163,21
"Row49_Row13_Row109","Berlin",2018,"October",15.935483870967738,24,9.225806451612907,4,0,8.48709677419355,19.129032258064512,38.96774193548387,65.74193548387096,0.15483870967741936,15.935483870967738,13.483870967741934,"HKW Klingenberg",109,17
"Row49_Row14_Row119","Berlin",2018,"October",15.935483870967738,24,9.225806451612907,4,0,8.48709677419355,19.129032258064512,38.96774193548387,65.74193548387096,0.15483870967741936,15.935483870967738,13.483870967741934,"HKW Lichterfelde",119,4
"Row49_Row15_Row129","Berlin",2018,"October",15.935483870967738,24,9.225806451612907,4,0,8.48709677419355,19.129032258064512,38.96774193548387,65.74193548387096,0.15483870967741936,15.935483870967738,13.483870967741934,"HKW Mitte",129,36
"Row49_Row19_Row164","Berlin",2018,"October",15.935483870967738,24,9.225806451612907,4,0,8.48709677419355,19.129032258064512,38.96774193548387,65.74193548387096,0.15483870967741936,15.935483870967738,13.483870967741934,"HKW Reuter West",164,13
"Row50_Row13_Row110","Berlin",2018,"September",22.13333333333333,30,13.866666666666665,6,0,10.55,15.600000000000001,36.06666666666666,58.599999999999994,0.5633333333333331,22.13333333333333,11.733333333333336,"HKW Klingenberg",110,3
"Row50_Row15_Row130","Berlin",2018,"September",22.13333333333333,30,13.866666666666665,6,0,10.55,15.600000000000001,36.06666666666666,58.599999999999994,0.5633333333333331,22.13333333333333,11.733333333333336,"HKW Mitte",130,3
"Row50_Row18_Row153","Berlin",2018,"September",22.13333333333333,30,13.866666666666665,6,0,10.55,15.600000000000001,36.06666666666666,58.599999999999994,0.5633333333333331,22.13333333333333,11.733333333333336,"HKW Reuter",153,4
"Row50_Row19_Row165","Berlin",2018,"September",22.13333333333333,30,13.866666666666665,6,0,10.55,15.600000000000001,36.06666666666666,58.599999999999994,0.5633333333333331,22.13333333333333,11.733333333333336,"HKW Reuter West",165,5
"Row52_Row25_Row233","Boxberg",2018,"April",16.899999999999995,26,7.233333333333334,0,0,10.526666666666666,14.133333333333331,37.16666666666665,73.46666666666665,0.7233333333333333,16.899999999999995,9.533333333333337,"KW Boxberg",233,23
"Row53_Row25_Row222","Boxberg",2018,"August",24.064516129032256,33,13.903225806451614,6,0,11.777419354838708,11.677419354838708,28.67741935483871,69.51612903225808,0.6161290322580644,24.064516129032256,7.935483870967744,"KW Boxberg",222,59
"Row54_Row25_Row223","Boxberg",2018,"December",6.096774193548387,12,2.1612903225806455,-4,0.07419354838709676,3.47741935483871,18.741935483870957,67.96774193548386,84.70967741935485,0.7903225806451613,6.096774193548387,12.19354838709677,"KW Boxberg",223,42
"Row55_Row25_Row224","Boxberg",2018,"February",1.2857142857142854,5,-3.892857142857142,-11,0.15714285714285714,8.521428571428569,15.428571428571429,38.357142857142854,73.3214285714286,0.2071428571428571,1.2857142857142854,10.85714285714286,"KW Boxberg",224,40
"Row56_Row25_Row225","Boxberg",2018,"January",6.322580645161291,11,2.709677419354838,-1,0.18064516129032263,3.8419354838709676,21.161290322580648,75.0967741935484,86.38709677419355,0.767741935483871,6.322580645161291,14.032258064516126,"KW Boxberg",225,28
"Row57_Row25_Row226","Boxberg",2018,"July",25.48387096774193,32,14.290322580645162,9,0,15.819354838709678,9.419354838709678,20.645161290322584,66.4838709677419,0.8258064516129028,25.48387096774193,6.419354838709678,"KW Boxberg",226,45
"Row58_Row25_Row227","Boxberg",2018,"June",20.933333333333337,26,11.833333333333329,6,0,15.436666666666667,11.066666666666668,42.86666666666667,79.79999999999998,1.1533333333333327,20.933333333333337,7.6000000000000005,"KW Boxberg",227,29
"Row59_Row25_Row229","Boxberg",2018,"March",7.064516129032256,12,0.000000000000000027755575615628914,-9,0.0935483870967742,8.622580645161287,15.741935483870963,60.064516129032256,78.99999999999997,0.6193548387096776,7.064516129032256,10.903225806451616,"KW Boxberg",229,28
"Row60_Row25_Row228","Boxberg",2018,"May",19.999999999999993,26,9.64516129032258,3,0,14.674193548387095,11.258064516129032,32.61290322580646,76.38709677419354,2.367741935483871,19.999999999999993,7.677419354838712,"KW Boxberg",228,80
"Row61_Row25_Row230","Boxberg",2018,"November",8.433333333333334,16,3.0333333333333323,-2,0.09,6.506666666666666,14.666666666666664,50.433333333333344,85.09999999999998,0.3833333333333334,8.433333333333334,9.266666666666666,"KW Boxberg",230,40
"Row62_Row25_Row231","Boxberg",2018,"October",14.967741935483874,24,7.322580645161291,1,0.03225806451612903,9.241935483870968,13.516129032258066,39.741935483870975,80.25806451612904,0.42580645161290315,14.967741935483874,8.870967741935486,"KW Boxberg",231,50
"Row63_Row25_Row232","Boxberg",2018,"September",19.566666666666666,27,9.666666666666666,3,0,10.463333333333333,11.199999999999998,28.8,73.19999999999999,1.3033333333333328,19.566666666666666,7.333333333333333,"KW Boxberg",232,15
"Row65_Row51_Row493","Eschweiler",2018,"April",17.299999999999997,26,8.566666666666665,2,0,10.126666666666665,18.533333333333335,42.90000000000001,72.63333333333333,0.7466666666666666,17.299999999999997,11.966666666666665,"Weisweiler",493,22
"Row66_Row51_Row482","Eschweiler",2018,"August",24.51612903225806,34,14.838709677419356,8,0,11.896774193548387,16.161290322580644,32.225806451612904,65.54838709677418,0.5838709677419354,24.51612903225806,11.09677419354839,"Weisweiler",482,16
"Row67_Row51_Row483","Eschweiler",2018,"December",7.161290322580644,13,3.451612903225807,-2,0.08064516129032258,3.470967741935485,24.677419354838708,68.67741935483873,82.54838709677418,1.4709677419354839,7.161290322580644,15.612903225806447,"Weisweiler",483,47
"Row68_Row51_Row484","Eschweiler",2018,"February",2.714285714285715,7,-2.428571428571429,-9,0.13928571428571426,8.417857142857141,20.821428571428566,38.17857142857142,69.32142857142858,0.3357142857142857,2.714285714285715,14.07142857142857,"Weisweiler",484,38
"Row69_Row51_Row485","Eschweiler",2018,"January",7.193548387096775,13,3.3870967741935476,0,0.1064516129032258,4.587096774193546,27.451612903225804,69.41935483870971,85.03225806451613,1.1935483870967736,7.193548387096775,17.83870967741936,"Weisweiler",485,23
"Row70_Row51_Row486","Eschweiler",2018,"July",26.451612903225804,34,15.322580645161286,10,0,15.819354838709675,13.129032258064518,22.258064516129032,60.64516129032257,0.5870967741935484,26.451612903225804,8.903225806451612,"Weisweiler",486,18
"Row71_Row51_Row487","Eschweiler",2018,"June",21.53333333333333,28,12.799999999999999,7,0,15.186666666666671,15.2,42.633333333333326,76.23333333333332,0.9566666666666662,21.53333333333333,10.46666666666667,"Weisweiler",487,65
"Row72_Row51_Row489","Eschweiler",2018,"March",8.129032258064516,14,1.3225806451612905,-7,0.054838709677419384,8.541935483870967,21.483870967741943,58.32258064516128,76.67741935483872,1.0935483870967744,8.129032258064516,14.2258064516129,"Weisweiler",489,24
"Row73_Row51_Row488","Eschweiler",2018,"May",21,27,10.838709677419356,4,0,15.06451612903226,15.354838709677422,28.838709677419352,72.0322580645161,1.729032258064516,21,10.258064516129036,"Weisweiler",488,26
"Row74_Row51_Row490","Eschweiler",2018,"November",9.6,16,4.599999999999999,-1,0,6.396666666666668,20.1,45.800000000000004,79.59999999999998,0.6233333333333335,9.6,12.266666666666667,"Weisweiler",490,35
"Row75_Row51_Row491","Eschweiler",2018,"October",15.903225806451607,25,8.580645161290322,2,0,8.82258064516129,18.903225806451605,41.29032258064516,75.1612903225806,0.5419354838709677,15.903225806451607,11.999999999999996,"Weisweiler",491,32
"Row76_Row51_Row492","Eschweiler",2018,"September",19.96666666666667,28,10.999999999999996,5,0,10.256666666666666,15.56666666666666,31.366666666666656,69.83333333333331,0.8799999999999999,19.96666666666667,10.133333333333335,"Weisweiler",492,25
"Row78_Row46_Row441","Gelsenkirchen",2018,"April",19.033333333333335,29,10.999999999999996,4,0,10.219999999999994,14.733333333333333,43.53333333333333,60.19999999999999,0.10999999999999999,19.033333333333335,10.933333333333337,"Scholven",441,2
"Row79_Row46_Row430","Gelsenkirchen",2018,"August",26.032258064516128,36,18.06451612903226,12,0,11.929032258064519,13.612903225806454,36.451612903225815,54.35483870967742,0.15483870967741933,26.032258064516128,10.741935483870968,"Scholven",430,22
"Row80_Row46_Row431","Gelsenkirchen",2018,"December",7.387096774193546,13,4.516129032258066,0,0.003225806451612903,3.348387096774194,21.064516129032253,71.32258064516127,78.25806451612904,0.33870967741935487,7.387096774193546,13.999999999999995,"Scholven",431,9
"Row81_Row46_Row432","Gelsenkirchen",2018,"February",2.9285714285714284,7,-0.9285714285714286,-7,0,8.446428571428571,17.678571428571423,37.71428571428572,63.00000000000001,0.057142857142857134,2.9285714285714284,12.857142857142858,"Scholven",432,16
"Row82_Row46_Row433","Gelsenkirchen",2018,"January",7.387096774193548,13,3.96774193548387,1,0.012903225806451611,4.309677419354838,22.741935483870968,72.51612903225805,80.41935483870968,0.19032258064516133,7.387096774193548,15.193548387096774,"Scholven",433,11
"Row83_Row46_Row434","Gelsenkirchen",2018,"July",27.90322580645161,35,18.419354838709676,13,0,15.816129032258061,11.70967741935484,21.516129032258068,50.48387096774194,0.20322580645161287,27.90322580645161,9.064516129032254,"Scholven",434,7
"Row84_Row46_Row435","Gelsenkirchen",2018,"June",23.13333333333333,31,15.433333333333337,10,0,15.196666666666667,13.2,46.400000000000006,63.86666666666668,0.15333333333333335,23.13333333333333,10.5,"Scholven",435,4
"Row85_Row46_Row437","Gelsenkirchen",2018,"March",8.612903225806448,15,2.1935483870967745,-7,0.029032258064516123,9.009677419354837,17.032258064516128,57.806451612903224,67.61290322580645,0.1935483870967742,8.612903225806448,12.258064516129034,"Scholven",437,8
"Row86_Row46_Row436","Gelsenkirchen",2018,"May",23.419354838709687,31,13.870967741935484,7,0,15.283870967741937,13.161290322580644,29.129032258064512,56.67741935483871,0.27419354838709686,23.419354838709687,10.129032258064518,"Scholven",436,4
"Row87_Row46_Row438","Gelsenkirchen",2018,"November",9.833333333333334,17,5.966666666666667,2,0,6.293333333333332,17.000000000000004,47.66666666666668,73.9333333333333,0.05666666666666668,9.833333333333334,11.433333333333335,"Scholven",438,16
"Row88_Row46_Row439","Gelsenkirchen",2018,"October",16.838709677419356,26,10.677419354838706,3,0,8.932258064516127,15.806451612903226,40.548387096774206,66.16129032258065,0.06451612903225806,16.838709677419356,11.258064516129027,"Scholven",439,5
"Row89_Row46_Row440","Gelsenkirchen",2018,"September",21.200000000000003,30,13.866666666666667,8,0,10.466666666666669,13.366666666666662,32.099999999999994,57.73333333333333,0.07999999999999999,21.200000000000003,10.133333333333331,"Scholven",440,2
"Row91_Row41_Row389","Goldisthal",2018,"April",17.233333333333334,25,6.466666666666667,-2,0,11.066666666666663,13.000000000000007,33.733333333333334,74.6,0.3133333333333333,17.233333333333334,8.766666666666667,"PSW Goldisthal",389,4
"Row92_Row41_Row379","Goldisthal",2018,"August",23.709677419354836,31,13.612903225806448,6,0,12.067741935483872,11.64516129032258,32.03225806451613,73.41935483870968,1.7645161290322582,23.709677419354836,7.645161290322581,"PSW Goldisthal",379,18
"Row93_Row41_Row380","Goldisthal",2018,"December",3.2580645161290325,10,-0.03225806451612877,-6,0.2935483870967742,2.9612903225806457,18.548387096774192,82.83870967741932,88.29032258064514,1.9677419354838699,3.2580645161290325,12.516129032258062,"PSW Goldisthal",380,28
"Row94_Row41_Row381","Goldisthal",2018,"February",-1.1071428571428572,3,-6.428571428571429,-15,0.2035714285714286,8.346428571428572,14.89285714285714,51.785714285714285,79.50000000000001,0.2607142857142858,-1.1071428571428572,10.464285714285717,"PSW Goldisthal",381,10
"Row95_Row41_Row382","Goldisthal",2018,"January",3.8387096774193545,7,0.1612903225806451,-5,0.28064516129032263,3.396774193548387,20.096774193548388,83.19354838709677,90.80645161290319,1.1322580645161289,3.8387096774193545,13.290322580645162,"PSW Goldisthal",382,18
"Row96_Row41_Row383","Goldisthal",2018,"July",24.19354838709678,32,12.967741935483872,8,0,15.629032258064514,9.74193548387097,29.06451612903226,72.48387096774192,2.161290322580645,24.19354838709678,6.516129032258064,"PSW Goldisthal",383,10
"Row97_Row41_Row384","Goldisthal",2018,"June",20.63333333333333,26,11.233333333333334,5,0,15.499999999999998,11.833333333333334,46.76666666666668,80.26666666666664,1.2966666666666666,20.63333333333333,8.166666666666664,"PSW Goldisthal",384,5
"Row98_Row41_Row386","Goldisthal",2018,"March",4.29032258064516,14,-2.6774193548387095,-13,0.23548387096774195,8.358064516129033,14.54838709677419,68.99999999999999,83.8709677419355,0.7290322580645163,4.29032258064516,10.096774193548384,"PSW Goldisthal",386,13
"Row99_Row41_Row385","Goldisthal",2018,"May",19.774193548387096,28,9.225806451612902,3,0,14.399999999999997,14.129032258064514,36.16129032258065,76.80645161290322,1.516129032258065,19.774193548387096,9.483870967741936,"PSW Goldisthal",385,11
"Row101_Row41_Row387","Goldisthal",2018,"October",13.870967741935484,23,5.96774193548387,1,0.02903225806451613,8.664516129032252,13.806451612903228,42.67741935483871,81.25806451612902,0.07419354838709677,13.870967741935484,9.096774193548386,"PSW Goldisthal",387,7
"Row102_Row41_Row388","Goldisthal",2018,"September",19.066666666666666,26,9.299999999999994,2,0,10.413333333333332,11.999999999999998,36.233333333333334,73.36666666666665,0.49333333333333323,19.066666666666666,7.966666666666669,"PSW Goldisthal",388,1
"Row104_Row39_Row366","Grevenbroich",2018,"April",18.23333333333334,27,9.533333333333335,3,0,10.006666666666664,17.266666666666666,44.76666666666668,68.03333333333335,0.37999999999999995,18.23333333333334,11.633333333333331,"Neurath",366,19
"Row105_Row39_Row355","Grevenbroich",2018,"August",25.677419354838708,36,16.838709677419352,10,0,11.94516129032258,15.516129032258064,34.38709677419355,58.77419354838709,0.13548387096774195,25.677419354838708,11.38709677419355,"Neurath",355,27
"Row106_Row39_Row356","Grevenbroich",2018,"December",7.612903225806448,14,3.9677419354838714,-1,0.045161290322580656,3.5935483870967744,22.870967741935473,68.3548387096774,80.0967741935484,0.503225806451613,7.612903225806448,14.612903225806445,"Neurath",356,14
"Row107_Row39_Row357","Grevenbroich",2018,"February",3.3571428571428568,7,-1.5714285714285712,-8,0.025,8.60357142857143,18.78571428571429,37.64285714285714,65.67857142857143,0.11428571428571427,3.3571428571428568,13.107142857142854,"Neurath",357,28
"Row108_Row39_Row358","Grevenbroich",2018,"January",7.709677419354838,14,3.8709677419354835,0,0.006451612903225809,4.029032258064516,25.483870967741932,70.48387096774194,82.61290322580648,0.41935483870967755,7.709677419354838,16.38709677419354,"Neurath",358,19
"Row109_Row39_Row359","Grevenbroich",2018,"July",27.70967741935484,35,16.903225806451612,11,0,15.887096774193552,13.06451612903226,21.096774193548388,54.38709677419355,0.24193548387096775,27.70967741935484,9.322580645161288,"Neurath",359,27
"Row110_Row39_Row360","Grevenbroich",2018,"June",22.5,29,14.099999999999996,8,0,15.126666666666669,14.966666666666665,43.73333333333333,70.76666666666667,0.3566666666666668,22.5,10.700000000000001,"Neurath",360,18
"Row111_Row39_Row362","Grevenbroich",2018,"March",8.870967741935484,15,1.935483870967742,-7,0.035483870967741936,8.796774193548389,20.161290322580648,58.32258064516129,72.48387096774192,0.48387096774193544,8.870967741935484,13.774193548387096,"Neurath",362,39
"Row112_Row39_Row361","Grevenbroich",2018,"May",22.48387096774193,29,12.322580645161288,6,0,15.12258064516129,14.903225806451612,29.064516129032256,65.19354838709677,0.4806451612903227,22.48387096774193,10.516129032258062,"Neurath",361,30
"Row113_Row39_Row363","Grevenbroich",2018,"November",10,16,5.166666666666666,1,0,6.443333333333333,19.066666666666663,45.06666666666667,77.16666666666664,0.31333333333333335,10,12.166666666666668,"Neurath",363,48
"Row114_Row39_Row364","Grevenbroich",2018,"October",16.645161290322577,26,9.64516129032258,3,0,8.806451612903226,17.935483870967747,41.64516129032257,70.70967741935486,0.1806451612903226,16.645161290322577,11.87096774193548,"Neurath",364,38
"Row115_Row39_Row365","Grevenbroich",2018,"September",21.03333333333333,30,12.633333333333333,6,0,10.336666666666666,14.200000000000001,31.96666666666667,63.39999999999999,0.4266666666666665,21.03333333333333,10.033333333333333,"Neurath",365,35
"Row117_Row52_Row505","Hamm",2018,"April",18.000000000000007,27,9.433333333333332,1,0,10.65333333333333,16.5,39.266666666666666,69.00000000000001,0.13000000000000003,18.000000000000007,11.000000000000004,"Westfalen",505,4
"Row118_Row52_Row494","Hamm",2018,"August",24.935483870967744,35,15.774193548387096,9,0,12.296774193548387,14.709677419354838,31.967741935483872,62.258064516129025,0.07741935483870968,24.935483870967744,10.225806451612906,"Westfalen",494,6
"Row119_Row52_Row495","Hamm",2018,"December",6.741935483870967,12,3.645161290322581,-2,0.003225806451612903,3.2870967741935497,23.16129032258064,71.83870967741936,82.32258064516127,0.35806451612903234,6.741935483870967,14.709677419354842,"Westfalen",495,5
"Row120_Row52_Row496","Hamm",2018,"February",2.1071428571428568,6,-2.25,-9,0.007142857142857142,8.542857142857141,18.642857142857142,39.24999999999999,68.82142857142858,0.021428571428571425,2.1071428571428568,12.678571428571427,"Westfalen",496,5
"Row121_Row52_Row497","Hamm",2018,"January",6.774193548387098,12,3.1290322580645156,0,0.038709677419354833,4,24.838709677419363,70.03225806451616,83.67741935483869,0.16129032258064516,6.774193548387098,16.03225806451613,"Westfalen",497,3
"Row122_Row52_Row498","Hamm",2018,"July",26.129032258064527,33,15.580645161290324,10,0,15.806451612903222,12.096774193548383,21.032258064516135,62.25806451612901,0.15806451612903227,26.129032258064527,8.25806451612903,"Westfalen",498,4
"Row123_Row52_Row499","Hamm",2018,"June",21.633333333333336,29,13.433333333333332,8,0,15.253333333333332,13.633333333333335,45.29999999999998,75.20000000000002,0.19999999999999998,21.633333333333336,9.699999999999998,"Westfalen",499,6
"Row124_Row52_Row501","Hamm",2018,"March",7.741935483870967,15,0.935483870967742,-9,0.012903225806451611,9.33225806451613,19.258064516129036,53.83870967741937,71.80645161290325,0.17419354838709675,7.741935483870967,13.2258064516129,"Westfalen",501,5
"Row125_Row52_Row500","Hamm",2018,"May",21.387096774193548,28,11.645161290322584,6,0,15.277419354838706,15.51612903225806,27.838709677419352,70.12903225806448,0.29999999999999993,21.387096774193548,10.354838709677422,"Westfalen",500,3
"Row126_Row52_Row502","Hamm",2018,"November",9.6,18,4.666666666666668,-1,0,6.383333333333331,18.766666666666662,45.13333333333334,79.06666666666666,0.07333333333333332,9.6,11.533333333333333,"Westfalen",502,17
"Row127_Row52_Row503","Hamm",2018,"October",16.03225806451612,26,9.064516129032262,1,0,8.990322580645158,18.258064516129025,40.16129032258065,73.74193548387098,0.022580645161290325,16.03225806451612,11.709677419354838,"Westfalen",503,3
"Row128_Row52_Row504","Hamm",2018,"September",20.300000000000004,29,12.166666666666666,6,0,10.479999999999997,15.133333333333336,30.833333333333332,65.66666666666669,0.06666666666666668,20.300000000000004,10.166666666666663,"Westfalen",504,9
"Row131_Row26_Row234","Hamm-Uentrop",2018,"August",23.999999999999993,33,14.096774193548393,7,0,11.803225806451614,14.774193548387098,30.67741935483871,70.38709677419357,0.8419354838709674,23.999999999999993,9.7741935483871,"KW Hamm-Uentrop",234,2
"Row132_Row26_Row235","Hamm-Uentrop",2018,"December",5.709677419354838,12,1.9999999999999991,-4,0.0967741935483871,3.3000000000000007,21.677419354838708,71.6129032258064,86.32258064516128,2.041935483870967,5.709677419354838,14.032258064516128,"KW Hamm-Uentrop",235,2
"Row133_Row26_Row236","Hamm-Uentrop",2018,"February",1.357142857142857,5,-3.428571428571428,-10,0.2678571428571428,8.492857142857142,19.60714285714285,44.428571428571445,74.35714285714285,0.4321428571428571,1.357142857142857,13.607142857142863,"KW Hamm-Uentrop",236,1
"Row135_Row26_Row237","Hamm-Uentrop",2018,"July",24.806451612903235,31,14.806451612903224,10,0,15.635483870967741,13.064516129032256,22.322580645161292,71.16129032258064,1.2193548387096778,24.806451612903235,8.29032258064516,"KW Hamm-Uentrop",237,3
"Row137_Row26_Row239","Hamm-Uentrop",2018,"March",6.580645161290324,11,0.4516129032258065,-7,0.18709677419354834,7.958064516129031,19.451612903225804,68.38709677419355,82.38709677419355,1.2741935483870965,6.580645161290324,13.19354838709677,"KW Hamm-Uentrop",239,2
"Row138_Row26_Row238","Hamm-Uentrop",2018,"May",19.645161290322573,25,10,3,0,14.696774193548386,15.709677419354842,30.93548387096774,78.96774193548387,2.0677419354838706,19.645161290322573,10.193548387096774,"KW Hamm-Uentrop",238,4
"Row139_Row26_Row240","Hamm-Uentrop",2018,"November",8.133333333333331,16,3.0333333333333337,-2,0.033333333333333326,6.1533333333333315,18.13333333333334,57.43333333333333,86.83333333333334,1.0366666666666666,8.133333333333331,11.300000000000002,"KW Hamm-Uentrop",240,5
"Row140_Row26_Row241","Hamm-Uentrop",2018,"October",15.225806451612907,23,7.290322580645159,1,0,9.216129032258065,17.225806451612897,36.61290322580645,79.90322580645164,0.29032258064516137,15.225806451612907,10.967741935483874,"KW Hamm-Uentrop",241,3
"Row141_Row26_Row242","Hamm-Uentrop",2018,"September",19.83333333333333,26,9.966666666666667,4,0,10.459999999999999,14.333333333333334,27.93333333333333,71.60000000000001,0.8366666666666667,19.83333333333333,9.199999999999998,"KW Hamm-Uentrop",242,4
"Row143_Row33_Row312","Knapsack",2018,"April",18.26666666666667,27,9.16666666666667,2,0,10.286666666666662,14.399999999999997,39.56666666666667,67.33333333333333,0.65,18.26666666666667,10.06666666666667,"Knapsack 2",312,1
"Row145_Row32_Row296","Knapsack",2018,"December",7.032258064516126,13,3.5483870967741944,-2,0.035483870967741936,3.65483870967742,18.51612903225806,68.03225806451614,81.00000000000001,0.9612903225806448,7.032258064516126,12.09677419354839,"Knapsack 1",296,2
"Row145_Row33_Row305","Knapsack",2018,"December",7.032258064516126,13,3.5483870967741944,-2,0.035483870967741936,3.65483870967742,18.51612903225806,68.03225806451614,81.00000000000001,0.9612903225806448,7.032258064516126,12.09677419354839,"Knapsack 2",305,2
"Row146_Row32_Row297","Knapsack",2018,"February",2.5714285714285707,6,-2.3928571428571423,-9,0.06785714285714287,8.37142857142857,15.107142857142856,37.53571428571428,67.49999999999999,0.2214285714285715,2.5714285714285707,11.10714285714286,"Knapsack 1",297,7
"Row146_Row33_Row306","Knapsack",2018,"February",2.5714285714285707,6,-2.3928571428571423,-9,0.06785714285714287,8.37142857142857,15.107142857142856,37.53571428571428,67.49999999999999,0.2214285714285715,2.5714285714285707,11.10714285714286,"Knapsack 2",306,3
"Row147_Row32_Row298","Knapsack",2018,"January",7.225806451612903,12,3.709677419354838,0,0.012903225806451611,4.212903225806451,20.548387096774185,72.45161290322584,82.87096774193549,0.6225806451612905,7.225806451612903,13.677419354838708,"Knapsack 1",298,1
"Row148_Row33_Row307","Knapsack",2018,"July",27.16129032258064,34,16.741935483870964,11,0,15.893548387096775,10.225806451612904,20.48387096774194,56.161290322580655,0.4774193548387098,27.16129032258064,7.483870967741938,"Knapsack 2",307,2
"Row149_Row32_Row299","Knapsack",2018,"June",22.499999999999996,29,13.899999999999997,8,0,15.18,11.76666666666667,43.400000000000006,70.16666666666667,0.4366666666666665,22.499999999999996,8.76666666666667,"Knapsack 1",299,1
"Row149_Row33_Row308","Knapsack",2018,"June",22.499999999999996,29,13.899999999999997,8,0,15.18,11.76666666666667,43.400000000000006,70.16666666666667,0.4366666666666665,22.499999999999996,8.76666666666667,"Knapsack 2",308,5
"Row150_Row32_Row301","Knapsack",2018,"March",8.2258064516129,14,1.483870967741935,-7,0.06774193548387096,8.896774193548389,16.419354838709673,57.870967741935495,73.29032258064518,0.8677419354838709,8.2258064516129,11.64516129032258,"Knapsack 1",301,10
"Row150_Row33_Row309","Knapsack",2018,"March",8.2258064516129,14,1.483870967741935,-7,0.06774193548387096,8.896774193548389,16.419354838709673,57.870967741935495,73.29032258064518,0.8677419354838709,8.2258064516129,11.64516129032258,"Knapsack 2",309,3
"Row151_Row32_Row300","Knapsack",2018,"May",22,29,11.903225806451614,5,0,14.912903225806453,11.87096774193548,30.741935483870968,65.87096774193547,1.0838709677419354,22,8.677419354838712,"Knapsack 1",300,2
"Row152_Row32_Row302","Knapsack",2018,"November",9.533333333333331,17,4.7333333333333325,0,0,6.4866666666666655,15.999999999999996,45.56666666666666,78.99999999999999,0.6633333333333334,9.533333333333331,10.633333333333335,"Knapsack 1",302,6
"Row153_Row32_Row303","Knapsack",2018,"October",16.03225806451613,25,9.129032258064518,2,0,9.048387096774194,14.38709677419355,39.83870967741936,73.12903225806454,0.2774193548387097,16.03225806451613,9.838709677419358,"Knapsack 1",303,5
"Row153_Row33_Row310","Knapsack",2018,"October",16.03225806451613,25,9.129032258064518,2,0,9.048387096774194,14.38709677419355,39.83870967741936,73.12903225806454,0.2774193548387097,16.03225806451613,9.838709677419358,"Knapsack 2",310,1
"Row154_Row32_Row304","Knapsack",2018,"September",20.6,29,11.966666666666667,6,0,10.473333333333333,10.8,30.366666666666674,65.16666666666664,0.6100000000000001,20.6,7.9,"Knapsack 1",304,4
"Row154_Row33_Row311","Knapsack",2018,"September",20.6,29,11.966666666666667,6,0,10.473333333333333,10.8,30.366666666666674,65.16666666666664,0.6100000000000001,20.6,7.9,"Knapsack 2",311,5
"Row156_Row45_Row429","Laufenburg",2018,"April",19.4,27,6.733333333333334,-1,0.009999999999999998,11.159999999999997,10.066666666666666,26.66666666666667,69.96666666666665,0.5166666666666665,19.4,6.8,"Schluchsee",429,3
"Row157_Row45_Row418","Laufenburg",2018,"August",26.580645161290317,33,14.709677419354835,7,0,11.425806451612901,7.70967741935484,28.35483870967742,72.35483870967738,0.7709677419354838,26.580645161290317,5.225806451612903,"Schluchsee",418,1
"Row158_Row45_Row419","Laufenburg",2018,"December",5.806451612903223,13,1.1935483870967747,-5,0.18064516129032263,4.603225806451612,12.516129032258062,57.74193548387097,81.6774193548387,1.8903225806451611,5.806451612903223,7.806451612903228,"Schluchsee",419,3
"Row159_Row45_Row420","Laufenburg",2018,"February",1.2142857142857133,6,-4.285714285714285,-12,0.5714285714285713,7.692857142857141,11.357142857142858,65,79.99999999999997,1.5142857142857142,1.2142857142857133,8.035714285714288,"Schluchsee",420,12
"Row160_Row45_Row421","Laufenburg",2018,"January",7.451612903225806,11,1.8387096774193554,-3,0.12258064516129036,5.95483870967742,14.548387096774194,58.16129032258064,84.16129032258064,1.987096774193549,7.451612903225806,9.161290322580646,"Schluchsee",421,4
"Row161_Row45_Row422","Laufenburg",2018,"July",27.225806451612904,34,14.29032258064516,10,0,15.538709677419352,6.903225806451613,23.290322580645164,68.87096774193543,1.1161290322580646,27.225806451612904,4.67741935483871,"Schluchsee",422,9
"Row162_Row45_Row423","Laufenburg",2018,"June",24.233333333333327,29,12.199999999999994,8,0,15.686666666666671,8.7,34.533333333333324,74.46666666666668,0.6766666666666669,24.233333333333327,6.066666666666668,"Schluchsee",423,5
"Row163_Row45_Row425","Laufenburg",2018,"March",8.290322580645162,14,-0.000000000000000013877787807814457,-8,0.2258064516129032,8.612903225806452,10.129032258064514,61.87096774193548,79.29032258064517,1.061290322580645,8.290322580645162,6.93548387096774,"Schluchsee",425,5
"Row164_Row45_Row424","Laufenburg",2018,"May",21.258064516129036,28,9.741935483870968,5,0,13.380645161290326,8.903225806451616,41.09677419354838,76.77419354838707,0.741935483870968,21.258064516129036,5.96774193548387,"Schluchsee",424,9
"Row165_Row45_Row426","Laufenburg",2018,"November",8.56666666666667,16,2.233333333333334,-3,0.08666666666666668,7.7833333333333306,7.066666666666665,43.300000000000004,84.79999999999998,0.22,8.56666666666667,4.566666666666667,"Schluchsee",426,4
"Row166_Row45_Row427","Laufenburg",2018,"October",15.580645161290327,22,6.838709677419353,1,0.2774193548387097,9.80322580645161,8.419354838709676,34.61290322580644,80.38709677419352,0.7129032258064516,15.580645161290327,5.451612903225809,"Schluchsee",427,3
"Row167_Row45_Row428","Laufenburg",2018,"September",22.599999999999998,28,10.833333333333329,3,0,11.003333333333332,7.1000000000000005,28.533333333333328,73.33333333333331,0.9799999999999998,22.599999999999998,4.733333333333333,"Schluchsee",428,3
"Row169_Row28_Row266","Lippendorf",2018,"April",15.63333333333333,23,4.633333333333334,-4,0,11.640000000000002,8.966666666666665,33.46666666666667,76.16666666666666,1.5533333333333335,15.63333333333333,5.9,"KW Lippendorf",266,11
"Row170_Row28_Row255","Lippendorf",2018,"August",23.258064516129032,29,11.838709677419354,4,0,12.470967741935485,6.677419354838708,25.74193548387097,75.19354838709677,2.2032258064516137,23.258064516129032,4.290322580645161,"KW Lippendorf",255,7
"Row171_Row28_Row256","Lippendorf",2018,"December",2.3548387096774195,8,-3.322580645161291,-9,0.07741935483870967,8.35161290322581,7.64516129032258,33.387096774193544,77.32258064516128,0.1612903225806451,2.3548387096774195,4.516129032258065,"KW Lippendorf",256,14
"Row172_Row28_Row257","Lippendorf",2018,"February",-1.6071428571428572,4,-8.249999999999998,-20,1.442857142857142,8.364285714285714,7.535714285714284,61.67857142857142,88.28571428571428,1.9392857142857136,-1.6071428571428572,5.178571428571429,"KW Lippendorf",257,26
"Row173_Row28_Row258","Lippendorf",2018,"January",3,9,-3.064516129032259,-8,0.10000000000000002,6.951612903225805,8.161290322580644,46.87096774193549,86.96774193548389,1.0193548387096776,3,4.806451612903227,"KW Lippendorf",258,12
"Row174_Row28_Row259","Lippendorf",2018,"July",22.903225806451616,29,10.774193548387096,8,0,14.216129032258065,7.67741935483871,28.193548387096765,73.09677419354841,1.0064516129032257,22.903225806451616,4.838709677419355,"KW Lippendorf",259,19
"Row175_Row28_Row260","Lippendorf",2018,"June",20.86666666666667,25,9.2,2,0,14.239999999999998,7.800000000000001,30.766666666666666,76.7,1.2866666666666666,20.86666666666667,4.966666666666667,"KW Lippendorf",260,7
"Row176_Row28_Row262","Lippendorf",2018,"March",3.4838709677419355,9,-4,-16,0.3548387096774194,9.067741935483872,7.741935483870968,60.51612903225805,89.1290322580645,1.2193548387096778,3.4838709677419355,4.935483870967745,"KW Lippendorf",262,17
"Row177_Row28_Row261","Lippendorf",2018,"May",17.709677419354836,23,7.419354838709675,4,0,13.932258064516128,6.483870967741935,41.29032258064516,82.29032258064517,2.8677419354838714,17.709677419354836,4.225806451612904,"KW Lippendorf",261,5
"Row178_Row28_Row263","Lippendorf",2018,"November",6.4,14,1.5333333333333339,-7,0.2600000000000001,6.76,7.033333333333332,60.90000000000001,88.46666666666667,1.5233333333333332,6.4,4.566666666666668,"KW Lippendorf",263,22
"Row179_Row28_Row264","Lippendorf",2018,"October",13.838709677419356,18,5.161290322580645,0,0,9.693548387096776,7.580645161290324,37.51612903225806,83.19354838709675,1.4258064516129028,13.838709677419356,4.741935483870969,"KW Lippendorf",264,19
"Row180_Row28_Row265","Lippendorf",2018,"September",18.83333333333333,24,8.100000000000001,-1,0,10.819999999999997,6.200000000000003,31.033333333333328,77.83333333333333,1.8633333333333335,18.83333333333333,3.833333333333333,"KW Lippendorf",265,24
"Row182_Row30_Row283","Mainz",2018,"April",19.36666666666667,27,10.166666666666666,3,0,10.879999999999997,14.466666666666663,29.9,61.466666666666654,0.4933333333333331,19.36666666666667,10.033333333333331,"KW Mainz-Wiesbaden",283,3
"Row183_Row30_Row275","Mainz",2018,"August",27.322580645161292,34,18.064516129032253,10,0,11.706451612903225,12.258064516129028,26.322580645161295,54.93548387096774,0.34838709677419355,27.322580645161292,8.870967741935488,"KW Mainz-Wiesbaden",275,1
"Row184_Row30_Row276","Mainz",2018,"December",6.548387096774194,13,3.2258064516129035,-2,0.006451612903225806,3.358064516129032,17.129032258064516,64.67741935483869,78.06451612903224,0.6903225806451613,6.548387096774194,11.03225806451613,"KW Mainz-Wiesbaden",276,2
"Row185_Row30_Row277","Mainz",2018,"February",2.5,7,-1.8928571428571428,-9,0.11785714285714281,8.753571428571428,15.928571428571429,38.03571428571427,64.32142857142856,0.22499999999999998,2.5,11.285714285714281,"KW Mainz-Wiesbaden",277,2
"Row186_Row30_Row278","Mainz",2018,"January",7.258064516129031,11,4.064516129032258,0,0.009677419354838708,3.8935483870967733,19.80645161290323,73.83870967741936,80.5161290322581,1.1032258064516132,7.258064516129031,13.032258064516128,"KW Mainz-Wiesbaden",278,4
"Row187_Row30_Row279","Mainz",2018,"July",28.387096774193544,34,18.16129032258064,12,0,15.783870967741931,10.612903225806452,20.90322580645161,52.35483870967742,0.5806451612903226,28.387096774193544,7.483870967741936,"KW Mainz-Wiesbaden",279,1
"Row191_Row30_Row280","Mainz",2018,"November",9.099999999999998,16,4.766666666666667,0,0,6.606666666666666,13.233333333333334,48.699999999999996,76.39999999999999,0.41666666666666674,9.099999999999998,8.666666666666668,"KW Mainz-Wiesbaden",280,3
"Row192_Row30_Row281","Mainz",2018,"October",16.5483870967742,24,9.903225806451612,4,0,9.49032258064516,13.290322580645162,33.32258064516129,68.90322580645162,0.20645161290322578,16.5483870967742,9.064516129032256,"KW Mainz-Wiesbaden",281,3
"Row193_Row30_Row282","Mainz",2018,"September",22.266666666666666,29,13.266666666666666,7,0,10.363333333333332,11.766666666666666,28.59999999999999,58.16666666666665,0.5166666666666668,22.266666666666666,8.23333333333333,"KW Mainz-Wiesbaden",282,2
"Row208_Row50_Row481","Quierschied",2018,"April",17.033333333333328,25,7.633333333333332,1,0,10.669999999999998,16.733333333333338,33.43333333333333,74.93333333333335,0.7366666666666665,17.033333333333328,10.966666666666669,"Weiher",481,1
"Row210_Row50_Row477","Quierschied",2018,"December",5.806451612903227,12,1.9032258064516128,-4,0.0967741935483871,3.241935483870968,21.096774193548388,70.7741935483871,85.29032258064517,2.099999999999999,5.806451612903227,13.93548387096774,"Weiher",477,1
"Row211_Row50_Row478","Quierschied",2018,"February",1.6071428571428577,6,-3.2857142857142856,-10,0.12857142857142853,8.414285714285711,18.821428571428573,44.03571428571427,73.07142857142854,0.33214285714285713,1.6071428571428577,13.464285714285715,"Weiher",478,2
"Row213_Row50_Row479","Quierschied",2018,"July",25.58064516129032,32,14.870967741935482,10,0,15.612903225806452,11.64516129032258,21.516129032258068,69.45161290322581,1.058064516129032,25.58064516129032,7.483870967741935,"Weiher",479,1
"Row217_Row50_Row480","Quierschied",2018,"November",8.566666666666666,16,3.3333333333333344,-2,0.016666666666666663,6.873333333333333,17.366666666666664,52.33333333333332,84.2333333333333,0.8300000000000002,8.566666666666666,10.800000000000002,"Weiher",480,1
"Row221_Row37_Row342","Rostock",2018,"April",13.100000000000001,23,5.966666666666667,-2,0.09000000000000001,11.236666666666663,27.633333333333336,39.13333333333335,82.76666666666664,0.9233333333333333,13.100000000000001,16.400000000000002,"Kraftwerk Rostock",342,2
"Row222_Row37_Row333","Rostock",2018,"August",23.129032258064512,32,16.096774193548384,11,0,12.690322580645159,22.612903225806456,35,69.29032258064514,0.803225806451613,23.129032258064512,14.645161290322578,"Kraftwerk Rostock",333,4
"Row223_Row37_Row334","Rostock",2018,"December",5.903225806451613,11,3.1612903225806455,-3,0.01935483870967742,2.387096774193548,30.35483870967742,82.64516129032255,86.58064516129036,0.9193548387096775,5.903225806451613,19.29032258064517,"Kraftwerk Rostock",334,4
"Row224_Row37_Row335","Rostock",2018,"February",1.1428571428571428,4,-2.6785714285714275,-12,0.23214285714285715,7.449999999999999,23.428571428571427,56.14285714285716,78.92857142857142,0.2785714285714286,1.1428571428571428,14.964285714285714,"Kraftwerk Rostock",335,5
"Row225_Row37_Row336","Rostock",2018,"January",4.064516129032258,9,0.8709677419354838,-4,0.1870967741935484,2.9903225806451625,31.193548387096772,73.03225806451616,86.3225806451613,1.3258064516129036,4.064516129032258,19.387096774193548,"Kraftwerk Rostock",336,2
"Row227_Row37_Row337","Rostock",2018,"June",19.933333333333334,26,12.799999999999995,10,0,15.993333333333332,23.366666666666664,37.866666666666674,79.63333333333334,0.5233333333333332,19.933333333333334,14.999999999999996,"Kraftwerk Rostock",337,4
"Row228_Row37_Row339","Rostock",2018,"March",3.064516129032258,12,-1.870967741935484,-11,0.26451612903225813,8.629032258064516,26.51612903225807,62.25806451612903,81.96774193548387,1.0419354838709678,3.064516129032258,17.064516129032256,"Kraftwerk Rostock",339,5
"Row229_Row37_Row338","Rostock",2018,"May",18.483870967741932,25,9.774193548387094,3,0,15.603225806451613,24.90322580645161,19.516129032258064,78.06451612903227,0.6580645161290322,18.483870967741932,14.709677419354836,"Kraftwerk Rostock",338,3
"Row231_Row37_Row340","Rostock",2018,"October",14.64516129032258,23,8.935483870967744,4,0,8.7,30.322580645161285,43.870967741935495,76.41935483870968,0.46774193548387105,14.64516129032258,18.774193548387093,"Kraftwerk Rostock",340,3
"Row232_Row37_Row341","Rostock",2018,"September",19.099999999999998,26,12.333333333333336,8,0,10.270000000000001,27.266666666666666,36.16666666666666,73.73333333333333,0.44666666666666666,19.099999999999998,17.333333333333336,"Kraftwerk Rostock",341,1
"Row234_Row44_Row417","Schkopau",2018,"April",18.36666666666667,26,8.299999999999999,0,0,11.65333333333333,18.866666666666674,28.799999999999994,72.46666666666668,0.23666666666666666,18.36666666666667,12.16666666666666,"Schkopau",417,3
"Row235_Row44_Row406","Schkopau",2018,"August",26.322580645161285,34,16.48387096774193,9,0,12.5,16.38709677419354,28.870967741935484,60.35483870967743,1.2709677419354841,26.322580645161285,11.03225806451613,"Schkopau",406,69
"Row236_Row44_Row407","Schkopau",2018,"December",6.032258064516129,14,2.290322580645162,-3,0.006451612903225806,3.129032258064516,26.838709677419352,74.96774193548389,82.4193548387097,0.8870967741935485,6.032258064516129,16.70967741935483,"Schkopau",407,18
"Row237_Row44_Row408","Schkopau",2018,"February",1.3214285714285718,6,-3.7142857142857135,-11,0.08214285714285717,8.625000000000002,17.75,44.321428571428555,69.96428571428568,0.13571428571428573,1.3214285714285718,11.678571428571432,"Schkopau",408,3
"Row238_Row44_Row409","Schkopau",2018,"January",6.096774193548387,12,2.1612903225806455,-2,0.045161290322580656,3.94516129032258,27,67,81.74193548387093,0.5516129032258064,6.096774193548387,16.903225806451612,"Schkopau",409,6
"Row239_Row44_Row410","Schkopau",2018,"July",26.129032258064516,35,14.96774193548387,9,0,15.883870967741938,14.41935483870968,25.451612903225797,63.54838709677419,0.8225806451612906,26.129032258064516,9.483870967741938,"Schkopau",410,10
"Row240_Row44_Row411","Schkopau",2018,"June",22.099999999999984,29,13.200000000000003,7,0,15.893333333333336,16.4,41.70000000000001,76.13333333333333,0.7966666666666665,22.099999999999984,10.933333333333335,"Schkopau",411,10
"Row241_Row44_Row413","Schkopau",2018,"March",5.870967741935484,18,-1.0967741935483868,-11,0.2096774193548387,8.874193548387094,21.258064516129036,55.64516129032258,75.25806451612904,0.8064516129032256,5.870967741935484,14.096774193548388,"Schkopau",413,6
"Row242_Row44_Row412","Schkopau",2018,"May",20.903225806451612,29,10.61290322580645,4,0,14.187096774193547,17.935483870967744,31.677419354838708,75.06451612903224,0.6516129032258065,20.903225806451612,11.741935483870968,"Schkopau",412,19
"Row243_Row44_Row414","Schkopau",2018,"November",8.699999999999998,18,3.2666666666666653,-3,0,6.430000000000001,18.56666666666666,47.066666666666684,77.46666666666668,0.023333333333333338,8.699999999999998,11.533333333333337,"Schkopau",414,32
"Row244_Row44_Row415","Schkopau",2018,"October",15.774193548387103,25,8.35483870967742,3,0,8.23548387096774,20.580645161290317,42.516129032258064,72.67741935483872,0.1,15.774193548387103,13.225806451612904,"Schkopau",415,6
"Row245_Row44_Row416","Schkopau",2018,"September",21.2,29,12.099999999999996,5,0,10.546666666666665,17.33333333333333,31.766666666666662,64.36666666666666,0.4299999999999998,21.2,11.366666666666672,"Schkopau",416,6
"Row247_Row31_Row295","Spremberg",2018,"April",19.133333333333336,26,8.4,-1,0.023333333333333324,12.089999999999995,17.33333333333333,29.66666666666666,69.7,0.8933333333333332,19.133333333333336,11.300000000000002,"KW Schwarze Pumpe",295,91
"Row248_Row31_Row284","Spremberg",2018,"August",27.258064516129032,35,16.870967741935477,11,0,12.999999999999998,13.483870967741938,29.903225806451612,61.58064516129032,1.0290322580645161,27.258064516129032,8.709677419354838,"KW Schwarze Pumpe",284,24
"Row249_Row31_Row285","Spremberg",2018,"December",5.322580645161293,13,1.806451612903226,-4,0.17096774193548384,3.122580645161291,22.870967741935488,80.54838709677416,85.12903225806453,1.2516129032258054,5.322580645161293,14.483870967741932,"KW Schwarze Pumpe",285,16
"Row250_Row31_Row286","Spremberg",2018,"February",1.5357142857142851,7,-3.9285714285714275,-12,0.04285714285714285,8.539285714285715,13.57142857142857,43.67857142857142,68.96428571428571,0.0678571428571429,1.5357142857142851,9.178571428571427,"KW Schwarze Pumpe",286,25
"Row251_Row31_Row287","Spremberg",2018,"January",5.419354838709679,10,1.4838709677419357,-3,0.06451612903225805,4.087096774193548,22.774193548387103,68.87096774193549,81.38709677419352,0.7580645161290323,5.419354838709679,14.387096774193548,"KW Schwarze Pumpe",287,81
"Row252_Row31_Row288","Spremberg",2018,"July",26.32258064516129,35,15.38709677419355,9,0,15.629032258064516,13.193548387096772,27.709677419354833,63.6451612903226,1.2709677419354837,26.32258064516129,8.612903225806454,"KW Schwarze Pumpe",288,17
"Row253_Row31_Row289","Spremberg",2018,"June",23.400000000000002,30,13.73333333333333,9,0,15.91666666666667,14.83333333333333,42.9,71.46666666666667,0.933333333333333,23.400000000000002,9.966666666666661,"KW Schwarze Pumpe",289,18
"Row254_Row31_Row291","Spremberg",2018,"March",5.290322580645163,16,-1.2903225806451608,-11,0.16451612903225807,8.603225806451611,18.93548387096774,57.29032258064517,73.80645161290322,0.49354838709677423,5.290322580645163,12.645161290322584,"KW Schwarze Pumpe",291,70
"Row255_Row31_Row290","Spremberg",2018,"May",22.67741935483871,31,11.483870967741934,6,0,14.264516129032259,16.193548387096772,31.193548387096783,68.90322580645162,0.7419354838709677,22.67741935483871,10.741935483870966,"KW Schwarze Pumpe",290,99
"Row256_Row31_Row292","Spremberg",2018,"November",8.433333333333328,17,3.2666666666666657,-3,0.019999999999999997,7.296666666666666,18.23333333333334,39.73333333333334,78.49999999999996,0.10666666666666665,8.433333333333328,11.2,"KW Schwarze Pumpe",292,24
"Row257_Row31_Row293","Spremberg",2018,"October",15.774193548387093,24,8.193548387096778,3,0,8.041935483870963,19.58064516129032,41.06451612903225,70.77419354838709,0.5225806451612901,15.774193548387093,12.161290322580646,"KW Schwarze Pumpe",293,25
"Row258_Row31_Row294","Spremberg",2018,"September",21.46666666666666,29,12.466666666666665,5,0,10.373333333333331,15.799999999999995,35.93333333333334,66.06666666666668,0.5833333333333335,21.46666666666666,10.26666666666667,"KW Schwarze Pumpe",294,60
"Row260_Row47_Row453","Vianden",2018,"April",15.566666666666666,25,6.300000000000001,0,0,9.803333333333331,17,46.9,79.4,0.9433333333333335,15.566666666666666,11.266666666666667,"Vianden",453,21
"Row261_Row47_Row442","Vianden",2018,"August",22.580645161290324,31,12.806451612903224,5,0,11.577419354838709,14.451612903225802,35.193548387096776,74.96774193548386,0.7000000000000003,22.580645161290324,9.322580645161292,"Vianden",442,21
"Row262_Row47_Row443","Vianden",2018,"December",5.354838709677421,11,1.5161290322580645,-5,0.10645161290322577,3.112903225806453,21.516129032258068,74.93548387096774,87.51612903225805,2.354838709677418,5.354838709677421,13.870967741935482,"Vianden",443,8
"Row263_Row47_Row444","Vianden",2018,"February",0.5000000000000004,4,-5.107142857142856,-11,0.36428571428571416,8.164285714285713,19.42857142857142,46.85714285714285,79.42857142857143,0.47500000000000003,0.5000000000000004,13.071428571428575,"Vianden",444,23
"Row264_Row47_Row445","Vianden",2018,"January",5.516129032258067,10,1.967741935483871,-2,0.24516129032258072,3.554838709677419,24.54838709677419,86.19354838709675,90.87096774193549,2.2806451612903214,5.516129032258067,16.41935483870967,"Vianden",445,37
"Row265_Row47_Row446","Vianden",2018,"July",24.09677419354838,31,13.806451612903222,8,0,15.616129032258065,13.193548387096772,23.48387096774194,73.32258064516128,1.525806451612903,24.09677419354838,8.225806451612904,"Vianden",446,47
"Row266_Row47_Row447","Vianden",2018,"June",20.000000000000004,26,11.033333333333335,4,0,15.319999999999999,14.000000000000002,45.86666666666667,83.79999999999998,1.9466666666666663,20.000000000000004,9.066666666666668,"Vianden",447,12
"Row267_Row47_Row449","Vianden",2018,"March",5.935483870967743,10,-0.4838709677419356,-8,0.14838709677419357,7.80322580645161,19.032258064516117,73.12903225806451,83.96774193548387,1.3322580645161293,5.935483870967743,12.838709677419352,"Vianden",449,10
"Row268_Row47_Row448","Vianden",2018,"May",18.83870967741936,24,9.06451612903226,2,0,14.712903225806453,15.935483870967735,35.22580645161291,79.70967741935485,2.1612903225806455,18.83870967741936,10.129032258064518,"Vianden",448,41
"Row269_Row47_Row450","Vianden",2018,"November",7.466666666666666,14,2.433333333333334,-3,0.009999999999999998,5.933333333333333,18.36666666666667,62.233333333333334,88.23333333333335,0.9066666666666665,7.466666666666666,11.433333333333335,"Vianden",450,24
"Row270_Row47_Row451","Vianden",2018,"October",14.096774193548388,21,6.548387096774193,0,0.012903225806451613,9.245161290322581,16.967741935483865,40.41935483870967,82.93548387096772,0.4161290322580646,14.096774193548388,10.741935483870973,"Vianden",451,39
"Row271_Row47_Row452","Vianden",2018,"September",18.500000000000004,25,8.733333333333329,3,0,10.243333333333332,14.000000000000004,33.00000000000001,76.63333333333334,1.2233333333333334,18.500000000000004,8.799999999999997,"Vianden",452,54
