date_time,maxtempC,mintempC,totalSnow_cm,sunHour,uvIndex,uvIndex,moon_illumination,moonrise,moonset,sunrise,sunset,DewPointC,FeelsLikeC,HeatIndexC,WindChillC,WindGustKmph,cloudcover,humidity,precipMM,pressure,tempC,visibility,winddirDegree,windspeedKmph,city
2018-01-01,10,6,0,3.9,2,2,97,05:16 PM,08:27 AM,09:36 AM,05:31 PM,2,4,7,4,28,87,71,0.1,1000,10,10,219,20,Bergkamen
2018-01-02,6,5,0,3.9,2,2,100,06:21 PM,09:34 AM,09:36 AM,05:32 PM,2,2,5,2,26,92,80,0.5,1007,6,9,241,18,Bergkamen
2018-01-03,10,7,0,2,2,2,89,07:35 PM,10:28 AM,09:36 AM,05:33 PM,3,3,8,3,47,93,73,0.8,992,10,8,245,33,Bergkamen
2018-01-04,10,6,0,2,2,2,81,08:53 PM,11:12 AM,09:36 AM,05:34 PM,4,4,8,4,31,96,79,0.1,995,10,10,237,21,Bergkamen
2018-01-05,8,7,0,3.9,2,2,74,10:12 PM,11:48 AM,09:35 AM,05:35 PM,4,5,8,5,27,70,77,0,997,8,10,232,19,Bergkamen
2018-01-06,7,4,0,2,2,2,67,11:28 PM,12:17 PM,09:35 AM,05:37 PM,3,4,6,4,14,63,84,0,1009,7,10,146,9,Bergkamen
2018-01-07,4,1,0,5.8,2,2,59,No moonrise,12:42 PM,09:34 AM,05:38 PM,-1,-2,2,-2,27,55,77,0.2,1025,4,10,57,19,Bergkamen
2018-01-08,5,1,0,5.8,2,2,52,12:41 AM,01:05 PM,09:34 AM,05:39 PM,-2,-2,2,-2,26,22,73,0,1026,5,10,79,17,Bergkamen
2018-01-09,5,2,0,5.8,2,2,45,01:52 AM,01:28 PM,09:34 AM,05:41 PM,2,2,4,2,15,41,85,0,1014,5,10,114,9,Bergkamen
2018-01-10,9,5,0,5.8,3,3,38,02:59 AM,01:51 PM,09:33 AM,05:42 PM,4,5,7,5,17,55,86,0,1011,9,10,172,10,Bergkamen
2018-01-11,6,4,0,2,1,1,30,04:05 AM,02:16 PM,09:32 AM,05:43 PM,4,5,5,5,6,88,93,0,1017,6,6,125,4,Bergkamen
2018-01-12,5,2,0,2,1,1,23,05:10 AM,02:44 PM,09:32 AM,05:45 PM,3,4,4,4,4,94,92,0,1026,5,8,107,2,Bergkamen
2018-01-13,6,3,0,2,1,1,16,06:11 AM,03:16 PM,09:31 AM,05:46 PM,2,3,4,3,13,60,82,0,1026,6,10,110,8,Bergkamen
2018-01-14,4,1,0,5.8,2,2,9,07:10 AM,03:54 PM,09:30 AM,05:48 PM,-1,0,2,0,15,16,76,0,1023,4,10,121,10,Bergkamen
2018-01-15,6,1,0,2.1,1,1,1,08:03 AM,04:38 PM,09:29 AM,05:49 PM,0,0,4,0,35,67,73,0,1008,6,10,188,23,Bergkamen
2018-01-16,7,3,0,3.9,2,2,0,08:50 AM,05:29 PM,09:28 AM,05:51 PM,1,1,5,1,29,69,76,0,993,7,10,254,20,Bergkamen
2018-01-17,3,1,0.2,2.1,1,1,0,09:32 AM,06:25 PM,09:28 AM,05:52 PM,-1,-2,2,-2,31,91,80,0.3,999,3,9,256,21,Bergkamen
2018-01-18,8,2,0,2.1,1,1,6,10:07 AM,07:27 PM,09:27 AM,05:54 PM,1,0,4,0,37,86,77,0.4,998,8,9,244,26,Bergkamen
2018-01-19,4,2,0.4,2.1,1,1,13,10:37 AM,08:30 PM,09:26 AM,05:56 PM,0,-1,3,-1,20,88,85,0.5,1007,4,8,241,13,Bergkamen
2018-01-20,3,1,0,2.1,1,1,20,11:04 AM,09:37 PM,09:24 AM,05:57 PM,1,0,2,0,15,89,89,0,1005,3,10,208,10,Bergkamen
2018-01-21,3,1,0.4,3.9,1,1,28,11:28 AM,10:44 PM,09:23 AM,05:59 PM,0,-1,2,-1,14,72,86,0.5,1013,3,9,252,10,Bergkamen
2018-01-22,6,2,0,5.1,1,1,35,11:51 AM,11:53 PM,09:22 AM,06:01 PM,2,1,4,1,22,91,86,0.2,1010,6,10,230,14,Bergkamen
2018-01-23,9,4,0,5.1,3,3,42,12:13 PM,No moonset,09:21 AM,06:02 PM,4,3,6,3,25,81,85,0,1020,9,8,224,16,Bergkamen
2018-01-24,13,9,0,3.3,3,3,49,12:36 PM,01:04 AM,09:20 AM,06:04 PM,8,8,11,8,36,83,80,0,1015,13,10,213,22,Bergkamen
2018-01-25,11,7,0,5.1,2,2,57,01:03 PM,02:17 AM,09:19 AM,06:06 PM,5,7,9,7,19,72,79,0.3,1013,11,9,216,13,Bergkamen
2018-01-26,7,4,0,6.9,2,2,64,01:34 PM,03:32 AM,09:17 AM,06:07 PM,5,5,6,5,8,62,89,0,1019,7,10,233,5,Bergkamen
2018-01-27,7,3,0,6.9,2,2,71,02:11 PM,04:48 AM,09:16 AM,06:09 PM,2,3,5,3,19,41,82,0,1029,7,7,211,12,Bergkamen
2018-01-28,10,6,0,3.4,2,2,78,02:58 PM,06:02 AM,09:14 AM,06:11 PM,5,4,8,4,35,100,83,0,1029,10,10,236,23,Bergkamen
2018-01-29,10,7,0,3.4,2,2,86,03:56 PM,07:11 AM,09:13 AM,06:13 PM,6,6,9,6,36,87,81,0.8,1025,10,8,250,24,Bergkamen
2018-01-30,7,3,0,8.7,2,2,93,05:05 PM,08:11 AM,09:12 AM,06:15 PM,2,2,5,2,17,27,79,0,1028,7,10,235,11,Bergkamen
2018-01-31,9,5,0,3.4,2,2,97,06:21 PM,09:01 AM,09:10 AM,06:16 PM,4,4,7,4,33,91,81,0.8,1007,9,9,227,22,Bergkamen
2018-02-01,4,2,0,5.2,2,2,88,07:42 PM,09:42 AM,09:08 AM,06:18 PM,-1,-1,3,-1,24,49,74,0,1001,4,10,229,17,Bergkamen
2018-02-02,5,2,0,3.4,1,1,81,09:01 PM,10:14 AM,09:07 AM,06:20 PM,1,0,3,0,20,82,84,0,1003,5,10,253,14,Bergkamen
2018-02-03,4,1,0.2,5.2,1,1,73,10:18 PM,10:42 AM,09:05 AM,06:22 PM,-1,1,3,1,11,85,79,0.3,1007,4,9,265,8,Bergkamen
2018-02-04,1,-2,0,5.2,2,2,66,11:33 PM,11:07 AM,09:04 AM,06:24 PM,-4,-4,0,-4,13,56,75,0,1019,1,10,119,10,Bergkamen
2018-02-05,2,-2,0,8.7,2,2,58,No moonrise,11:31 AM,09:02 AM,06:25 PM,-4,-4,0,-4,17,10,74,0,1027,2,10,76,13,Bergkamen
2018-02-06,1,-3,0,9.3,2,2,51,12:44 AM,11:54 AM,09:00 AM,06:27 PM,-6,-5,-1,-5,13,48,68,0,1017,1,10,68,10,Bergkamen
2018-02-07,0,-3,0,9.7,2,2,43,01:53 AM,12:19 PM,08:59 AM,06:29 PM,-6,-4,-1,-4,11,41,67,0,1017,0,10,27,8,Bergkamen
2018-02-08,1,-3,0,9.7,2,2,36,02:59 AM,12:46 PM,08:57 AM,06:31 PM,-8,-1,0,-1,4,9,54,0,1021,1,10,160,3,Bergkamen
2018-02-09,1,-2,0,9.8,2,2,28,04:02 AM,01:17 PM,08:55 AM,06:33 PM,-7,-4,0,-4,16,19,61,0,1015,1,10,183,11,Bergkamen
2018-02-10,2,0,0,6.6,1,1,20,05:02 AM,01:53 PM,08:53 AM,06:35 PM,-1,-2,1,-2,18,84,87,0,1015,2,10,201,11,Bergkamen
2018-02-11,5,1,0,6.6,1,1,13,05:57 AM,02:34 PM,08:51 AM,06:37 PM,-1,-2,3,-2,31,74,76,0.2,1003,5,10,222,20,Bergkamen
2018-02-12,4,0,0.1,8.3,1,1,5,06:47 AM,03:23 PM,08:49 AM,06:38 PM,-2,-2,2,-2,23,69,77,0.1,1012,4,10,247,15,Bergkamen
2018-02-13,4,-1,0,9.9,2,2,0,07:30 AM,04:17 PM,08:48 AM,06:40 PM,-3,-2,2,-2,18,4,69,0,1014,4,10,177,13,Bergkamen
2018-02-14,4,-2,0,10,2,2,0,08:07 AM,05:18 PM,08:46 AM,06:42 PM,-5,-2,2,-2,18,12,59,0,1017,4,10,154,13,Bergkamen
2018-02-15,4,2,0,5,1,1,0,08:40 AM,06:21 PM,08:44 AM,06:44 PM,-2,-1,3,-1,29,89,74,0,1014,4,8,191,19,Bergkamen
2018-02-16,6,1,0,10,2,2,2,09:08 AM,07:28 PM,08:42 AM,06:46 PM,0,1,4,1,16,27,80,0,1024,6,7,231,10,Bergkamen
2018-02-17,5,1,0,8.3,2,2,10,09:33 AM,08:35 PM,08:40 AM,06:48 PM,-2,1,3,1,11,45,71,0,1025,5,10,107,7,Bergkamen
2018-02-18,6,0,0,10.1,2,2,17,09:56 AM,09:45 PM,08:38 AM,06:49 PM,-2,1,4,1,12,15,67,0,1027,6,10,174,9,Bergkamen
2018-02-19,5,0,0,8.3,1,1,25,10:19 AM,10:55 PM,08:36 AM,06:51 PM,-4,1,2,1,9,56,64,0,1021,5,10,164,6,Bergkamen
2018-02-20,5,-1,0,10.2,2,2,32,10:42 AM,No moonset,08:34 AM,06:53 PM,-4,0,2,0,10,15,67,0,1019,5,10,71,7,Bergkamen
2018-02-21,3,-1,0,10.2,2,2,40,11:07 AM,12:07 AM,08:32 AM,06:55 PM,-4,-2,1,-2,14,4,69,0,1025,3,10,51,11,Bergkamen
2018-02-22,3,-2,0,10.3,2,2,47,11:36 AM,01:21 AM,08:30 AM,06:57 PM,-6,-4,0,-4,20,4,63,0,1025,3,10,64,15,Bergkamen
2018-02-23,2,-2,0,10.3,2,2,55,12:09 PM,02:34 AM,08:28 AM,06:59 PM,-9,-5,0,-5,21,5,54,0,1023,2,10,68,16,Bergkamen
2018-02-24,2,-3,0,10.7,2,2,62,12:50 PM,03:47 AM,08:26 AM,07:00 PM,-13,-6,-1,-6,27,14,39,0,1026,2,10,78,19,Bergkamen
2018-02-25,-1,-4,0,10,2,2,70,01:42 PM,04:56 AM,08:23 AM,07:02 PM,-16,-9,-3,-9,23,31,38,0,1030,-1,10,73,18,Bergkamen
2018-02-26,-2,-5,0,7,1,1,77,02:43 PM,05:58 AM,08:21 AM,07:04 PM,-11,-9,-4,-9,22,68,59,0,1029,-2,10,48,17,Bergkamen
2018-02-27,-2,-7,0,8.5,2,2,85,03:55 PM,06:50 AM,08:19 AM,07:06 PM,-14,-10,-4,-10,18,39,48,0,1023,-2,10,58,14,Bergkamen
2018-02-28,-5,-8,0,10.9,2,2,93,05:12 PM,07:34 AM,08:17 AM,07:08 PM,-17,-13,-6,-13,25,28,42,0,1023,-5,10,88,19,Bergkamen
2018-03-01,-2,-8,0,10.1,1,1,96,06:31 PM,08:10 AM,08:15 AM,07:10 PM,-17,-12,-5,-12,33,39,40,0,1012,-2,10,86,24,Bergkamen
2018-03-02,-1,-7,0,10.1,2,2,100,07:51 PM,08:40 AM,08:13 AM,07:11 PM,-17,-10,-4,-10,25,42,36,0,1002,-1,10,83,20,Bergkamen
2018-03-03,1,-4,0.1,7,2,2,89,09:07 PM,09:06 AM,08:11 AM,07:13 PM,-7,-6,-2,-6,16,52,68,0.1,1000,1,9,101,12,Bergkamen
2018-03-04,8,-1,0,8.6,1,1,82,10:22 PM,09:31 AM,08:08 AM,07:15 PM,0,1,4,1,16,54,80,0,998,8,10,139,9,Bergkamen
2018-03-05,11,3,0,11.1,3,3,74,11:34 PM,09:55 AM,08:06 AM,07:17 PM,4,4,7,4,19,28,81,0,995,11,10,178,11,Bergkamen
2018-03-06,11,3,0,11.1,3,3,67,No moonrise,10:19 AM,08:04 AM,07:18 PM,3,6,7,6,11,37,79,0,992,11,10,205,6,Bergkamen
2018-03-07,9,3,0,8.6,3,3,60,12:43 AM,10:46 AM,08:02 AM,07:20 PM,4,6,7,6,8,60,82,0.6,995,9,8,233,6,Bergkamen
2018-03-08,9,3,0,8.6,3,3,53,01:49 AM,11:16 AM,08:00 AM,07:22 PM,2,2,5,2,26,59,76,0.2,1001,9,9,223,18,Bergkamen
2018-03-09,10,2,0,10.2,3,3,45,02:51 AM,11:50 AM,07:58 AM,07:24 PM,1,3,6,3,19,44,73,0,1007,10,10,205,13,Bergkamen
2018-03-10,15,7,0,10.2,4,4,38,03:49 AM,12:29 PM,07:55 AM,07:25 PM,8,9,11,9,20,70,82,0,1002,15,8,186,13,Bergkamen
2018-03-11,15,8,0,7.3,3,3,31,04:41 AM,01:16 PM,07:53 AM,07:27 PM,9,10,12,10,19,51,84,0.1,997,15,8,171,11,Bergkamen
2018-03-12,14,8,0,8.7,3,3,24,05:27 AM,02:07 PM,07:51 AM,07:29 PM,7,10,11,10,16,83,78,0.1,993,14,8,208,11,Bergkamen
2018-03-13,9,5,0,5.9,2,2,16,06:06 AM,03:06 PM,07:49 AM,07:31 PM,4,4,7,4,21,100,82,0.7,1002,9,9,258,15,Bergkamen
2018-03-14,9,3,0,11.6,3,3,9,06:40 AM,04:08 PM,07:46 AM,07:32 PM,2,5,7,5,10,40,73,0,1011,9,10,179,8,Bergkamen
2018-03-15,12,3,0,11.6,3,3,2,07:10 AM,05:14 PM,07:44 AM,07:34 PM,0,5,8,5,20,18,61,0,1001,12,10,110,15,Bergkamen
2018-03-16,6,0,0.1,6,1,1,0,07:36 AM,06:22 PM,07:42 AM,07:36 PM,1,0,4,0,20,100,80,1.3,1003,6,7,79,16,Bergkamen
2018-03-17,0,-3,0,6,1,1,0,08:00 AM,07:32 PM,07:40 AM,07:38 PM,-9,-8,-2,-8,34,87,57,0,1009,0,10,73,26,Bergkamen
2018-03-18,1,-4,0,11.6,2,2,5,08:23 AM,08:44 PM,07:37 AM,07:39 PM,-12,-9,-2,-9,32,45,47,0,1011,1,10,76,24,Bergkamen
2018-03-19,2,-4,0,11.6,2,2,13,08:46 AM,09:57 PM,07:35 AM,07:41 PM,-13,-6,-1,-6,20,8,39,0,1014,2,10,62,15,Bergkamen
2018-03-20,6,-2,0,11.6,2,2,20,09:11 AM,11:11 PM,07:33 AM,07:43 PM,-6,-1,2,-1,18,30,59,0,1020,6,10,117,13,Bergkamen
2018-03-21,5,-1,0,10.2,2,2,27,09:38 AM,No moonset,07:31 AM,07:44 PM,-3,1,3,1,10,27,67,0,1028,5,10,232,7,Bergkamen
2018-03-22,6,2,0,6.1,1,1,34,10:10 AM,12:25 AM,07:28 AM,07:46 PM,2,1,4,1,21,96,85,0,1016,6,9,255,14,Bergkamen
2018-03-23,8,4,0,7.5,2,2,42,10:49 AM,01:39 AM,07:26 AM,07:48 PM,3,4,6,4,12,75,83,0,1007,8,7,224,9,Bergkamen
2018-03-24,11,2,0,7.5,2,2,49,11:36 AM,02:49 AM,07:24 AM,07:49 PM,1,5,7,5,10,46,68,0,1004,11,10,127,7,Bergkamen
2018-03-25,11,4,0,7.5,3,3,56,12:33 PM,03:52 AM,07:21 AM,07:51 PM,1,7,8,7,8,52,64,0,1008,11,10,64,5,Bergkamen
2018-03-26,10,4,0,10.2,3,3,63,01:39 PM,04:46 AM,07:19 AM,07:53 PM,1,6,7,6,9,57,66,0,1015,10,10,270,7,Bergkamen
2018-03-27,11,3,0,8.9,3,3,71,02:52 PM,05:31 AM,07:17 AM,07:54 PM,1,6,7,6,13,51,65,0.1,1012,11,10,172,10,Bergkamen
2018-03-28,10,6,0,6.2,2,2,78,04:09 PM,06:08 AM,07:14 AM,07:56 PM,5,5,7,5,15,99,84,0.2,1002,10,10,214,11,Bergkamen
2018-03-29,9,4,0,8.9,2,2,85,05:27 PM,06:39 AM,07:12 AM,07:58 PM,0,3,6,3,18,62,67,0.2,1006,9,10,229,13,Bergkamen
2018-03-30,14,5,0,10.3,3,3,93,06:43 PM,07:06 AM,07:10 AM,07:59 PM,1,7,9,7,17,52,58,0,1003,14,10,137,11,Bergkamen
2018-03-31,12,5,0,9,2,2,96,07:59 PM,07:31 AM,07:07 AM,08:01 PM,3,8,9,8,9,49,69,0,1000,12,10,207,7,Bergkamen
2018-04-01,8,5,0,6.5,2,2,89,09:12 PM,07:55 AM,07:05 AM,08:03 PM,2,5,6,5,7,84,78,0.1,1008,8,10,189,5,Bergkamen
2018-04-02,13,3,0,9.1,2,2,81,10:23 PM,08:19 AM,07:03 AM,08:04 PM,3,7,9,7,16,76,68,0,1008,13,10,189,12,Bergkamen
2018-04-03,18,10,0,9.1,4,4,74,11:33 PM,08:44 AM,07:01 AM,08:06 PM,7,12,13,12,25,64,69,0.1,1002,18,10,201,18,Bergkamen
2018-04-04,15,9,0,9.2,4,4,66,No moonrise,09:13 AM,06:58 AM,08:08 PM,7,10,12,10,23,53,73,0.3,1002,15,9,203,16,Bergkamen
2018-04-05,10,4,0,8,2,2,59,12:38 AM,09:45 AM,06:56 AM,08:09 PM,3,5,8,5,25,77,72,0.2,1011,10,10,257,18,Bergkamen
2018-04-06,15,3,0,11.6,3,3,51,01:39 AM,10:23 AM,06:54 AM,08:11 PM,-1,8,9,8,16,17,53,0,1021,15,10,136,12,Bergkamen
2018-04-07,22,8,0,11.6,4,4,44,02:34 AM,11:07 AM,06:51 AM,08:13 PM,4,14,15,14,19,13,50,0,1012,22,10,160,12,Bergkamen
2018-04-08,25,13,0,11.6,5,5,36,03:23 AM,11:57 AM,06:49 AM,08:14 PM,7,19,19,19,11,22,49,0.4,1008,25,10,157,6,Bergkamen
2018-04-09,23,14,0,11.6,5,5,28,04:05 AM,12:52 PM,06:47 AM,08:16 PM,10,18,19,18,11,33,59,0,1005,23,10,121,8,Bergkamen
2018-04-10,21,13,0,10.4,5,5,21,04:40 AM,01:53 PM,06:45 AM,08:18 PM,10,18,18,18,8,39,64,0,1004,21,10,181,6,Bergkamen
2018-04-11,17,11,0,9.2,3,3,13,05:11 AM,02:57 PM,06:42 AM,08:19 PM,10,14,14,14,12,51,75,0.4,1007,17,10,101,10,Bergkamen
2018-04-12,19,10,0,9.3,3,3,6,05:38 AM,04:04 PM,06:40 AM,08:21 PM,10,13,14,13,15,63,77,0.9,1003,19,10,84,11,Bergkamen
2018-04-13,15,12,0,6.9,3,3,0,06:02 AM,05:14 PM,06:38 AM,08:23 PM,8,13,14,13,13,61,72,0.5,1007,15,10,275,9,Bergkamen
2018-04-14,17,10,0,10.4,3,3,0,06:25 AM,06:25 PM,06:36 AM,08:24 PM,8,13,13,13,10,54,72,0,1017,17,10,199,8,Bergkamen
2018-04-15,20,11,0,11.6,4,4,0,06:48 AM,07:39 PM,06:34 AM,08:26 PM,9,15,15,15,7,53,67,1,1014,20,10,168,5,Bergkamen
2018-04-16,18,12,0,11.6,4,4,1,07:12 AM,08:55 PM,06:32 AM,08:28 PM,8,15,15,15,11,27,64,0.1,1015,18,10,278,9,Bergkamen
2018-04-17,22,10,0,11.6,5,5,9,07:39 AM,10:11 PM,06:29 AM,08:29 PM,7,17,17,17,6,15,56,0,1025,22,10,168,5,Bergkamen
2018-04-18,25,13,0,11.6,5,5,17,08:09 AM,11:28 PM,06:27 AM,08:31 PM,9,21,21,21,8,2,47,0,1030,25,10,124,6,Bergkamen
2018-04-19,28,15,0,11.6,6,6,24,08:46 AM,No moonset,06:25 AM,08:33 PM,10,23,23,23,16,3,45,0,1028,28,10,125,10,Bergkamen
2018-04-20,28,17,0,11.6,6,6,32,09:32 AM,12:41 AM,06:23 AM,08:34 PM,11,23,23,24,13,11,47,0,1023,28,10,245,9,Bergkamen
2018-04-21,22,14,0,11.6,5,5,39,10:26 AM,01:48 AM,06:21 AM,08:36 PM,12,20,20,20,10,5,63,0,1021,22,10,76,8,Bergkamen
2018-04-22,26,15,0,11.6,6,6,47,11:30 AM,02:45 AM,06:19 AM,08:38 PM,11,21,21,21,13,22,58,1.2,1013,26,10,171,9,Bergkamen
2018-04-23,19,13,0,11.6,5,5,54,12:41 PM,03:33 AM,06:17 AM,08:40 PM,9,16,16,16,19,20,62,0.2,1014,19,10,260,14,Bergkamen
2018-04-24,14,10,0,7.1,3,3,62,01:56 PM,04:11 AM,06:15 AM,08:41 PM,7,11,12,11,19,73,70,0,1015,14,10,233,14,Bergkamen
2018-04-25,15,11,0,9.4,3,3,69,03:12 PM,04:43 AM,06:13 AM,08:43 PM,7,12,13,12,24,71,67,0.1,1010,15,10,254,18,Bergkamen
2018-04-26,14,8,0,11.6,4,4,77,04:27 PM,05:10 AM,06:11 AM,08:45 PM,4,8,11,8,24,43,63,0.1,1015,14,10,248,19,Bergkamen
2018-04-27,18,7,0,11.6,4,4,85,05:41 PM,05:35 AM,06:09 AM,08:46 PM,3,12,13,12,12,27,53,0,1013,18,10,162,9,Bergkamen
2018-04-28,17,12,0,9.4,4,4,92,06:54 PM,05:58 AM,06:07 AM,08:48 PM,7,14,14,14,16,58,61,0,1011,17,10,230,12,Bergkamen
2018-04-29,24,10,0,11.6,5,5,100,08:06 PM,06:20 AM,06:05 AM,08:50 PM,10,17,17,17,10,39,66,0.6,1008,24,10,115,8,Bergkamen
2018-04-30,16,10,0,8.3,3,3,100,09:16 PM,06:45 AM,06:03 AM,08:51 PM,7,12,14,12,27,86,67,1.2,999,16,10,170,22,Bergkamen
2018-05-01,13,7,0,10.5,3,3,89,10:23 PM,07:12 AM,06:01 AM,08:53 PM,1,7,10,7,27,61,56,0,1009,13,10,229,22,Bergkamen
2018-05-02,18,7,0,14.5,4,4,82,11:27 PM,07:42 AM,05:59 AM,08:55 PM,3,12,13,12,15,9,51,0,1013,18,10,184,11,Bergkamen
2018-05-03,16,10,0,14.5,4,4,75,No moonrise,08:17 AM,05:58 AM,08:56 PM,4,13,13,13,12,15,55,0,1017,16,10,240,9,Bergkamen
2018-05-04,18,8,0,14.5,4,4,68,12:25 AM,08:59 AM,05:56 AM,08:58 PM,7,14,14,14,14,4,61,0,1023,18,10,57,11,Bergkamen
2018-05-05,20,9,0,15.5,4,4,60,01:18 AM,09:46 AM,05:54 AM,09:00 PM,7,15,16,15,18,2,60,0,1025,20,10,68,13,Bergkamen
2018-05-06,23,11,0,15.5,5,5,53,02:02 AM,10:39 AM,05:52 AM,09:01 PM,9,19,20,19,15,0,53,0,1024,23,10,89,11,Bergkamen
2018-05-07,25,13,0,15.5,5,5,46,02:40 AM,11:38 AM,05:51 AM,09:03 PM,10,21,21,21,15,0,54,0,1020,25,10,97,11,Bergkamen
2018-05-08,26,15,0,15.6,6,6,39,03:13 AM,12:40 PM,05:49 AM,09:04 PM,11,22,22,22,14,3,52,0,1012,26,10,110,11,Bergkamen
2018-05-09,26,17,0,15.6,6,6,31,03:41 AM,01:46 PM,05:47 AM,09:06 PM,12,22,22,22,14,16,54,0,1007,26,10,118,10,Bergkamen
2018-05-10,18,12,0,14.6,5,5,24,04:05 AM,02:54 PM,05:45 AM,09:08 PM,10,15,15,15,17,47,73,1,1011,18,9,270,13,Bergkamen
2018-05-11,19,10,0,15.5,3,3,17,04:28 AM,04:03 PM,05:44 AM,09:09 PM,8,15,15,15,9,55,66,0.1,1019,19,10,138,7,Bergkamen
2018-05-12,24,13,0,15.7,5,5,9,04:50 AM,05:16 PM,05:42 AM,09:11 PM,10,19,20,19,13,27,56,0,1015,24,10,103,8,Bergkamen
2018-05-13,20,15,0,13.7,5,5,2,05:14 AM,06:31 PM,05:41 AM,09:12 PM,14,17,17,17,12,57,79,1.4,1011,20,10,226,9,Bergkamen
2018-05-14,25,14,0,15.8,5,5,0,05:38 AM,07:48 PM,05:39 AM,09:14 PM,13,19,20,19,17,35,68,0,1012,25,9,122,13,Bergkamen
2018-05-15,23,14,0,15.8,5,5,0,06:07 AM,09:07 PM,05:38 AM,09:15 PM,9,19,19,19,17,23,54,0.1,1015,23,10,53,13,Bergkamen
2018-05-16,21,14,0,15.8,5,5,5,06:41 AM,10:24 PM,05:36 AM,09:17 PM,11,17,17,17,15,46,69,1,1016,21,10,101,11,Bergkamen
2018-05-17,17,9,0,14.6,4,4,12,07:24 AM,11:37 PM,05:35 AM,09:18 PM,6,11,13,11,16,45,67,0,1021,17,10,329,13,Bergkamen
2018-05-18,15,7,0,15.9,4,4,19,08:16 AM,No moonset,05:33 AM,09:20 PM,6,11,11,11,12,53,68,0,1022,15,10,326,9,Bergkamen
2018-05-19,17,7,0,14.7,3,3,27,09:19 AM,12:40 AM,05:32 AM,09:21 PM,7,13,13,13,6,38,67,0,1023,17,10,73,5,Bergkamen
2018-05-20,22,10,0,15.9,5,5,34,10:29 AM,01:33 AM,05:31 AM,09:23 PM,11,18,19,18,14,5,64,0,1022,22,10,75,10,Bergkamen
2018-05-21,24,13,0,16,5,5,41,11:45 AM,02:15 AM,05:29 AM,09:24 PM,10,19,20,19,21,14,57,0,1017,24,10,89,15,Bergkamen
2018-05-22,25,15,0,15.6,4,4,48,01:01 PM,02:48 AM,05:28 AM,09:26 PM,12,20,21,20,9,56,61,0.6,1013,25,10,95,6,Bergkamen
2018-05-23,22,16,0,14.7,4,4,56,02:16 PM,03:17 AM,05:27 AM,09:27 PM,12,19,20,19,15,63,67,0.1,1019,22,10,57,11,Bergkamen
2018-05-24,21,15,0,14.7,5,5,63,03:30 PM,03:41 AM,05:26 AM,09:28 PM,13,18,18,18,19,58,74,0.6,1019,21,10,83,13,Bergkamen
2018-05-25,25,16,0,16.1,6,6,70,04:42 PM,04:04 AM,05:24 AM,09:30 PM,15,21,22,21,10,38,71,0.6,1019,25,10,93,7,Bergkamen
2018-05-26,27,16,0,16.1,6,6,78,05:54 PM,04:26 AM,05:23 AM,09:31 PM,14,23,23,23,13,13,61,0,1020,27,10,94,10,Bergkamen
2018-05-27,27,18,0,16.1,6,6,85,07:03 PM,04:49 AM,05:22 AM,09:32 PM,15,23,23,23,12,25,62,0,1019,27,10,102,9,Bergkamen
2018-05-28,29,17,0,16.1,6,6,92,08:11 PM,05:14 AM,05:21 AM,09:34 PM,16,25,25,24,9,19,61,0.2,1018,29,10,67,7,Bergkamen
2018-05-29,29,19,0,16.2,6,6,99,09:17 PM,05:42 AM,05:20 AM,09:35 PM,17,27,27,25,12,22,64,0,1013,29,10,118,9,Bergkamen
2018-05-30,30,18,0,16.2,6,6,100,10:17 PM,06:15 AM,05:19 AM,09:36 PM,15,25,25,24,7,28,60,0,1014,30,10,145,5,Bergkamen
2018-05-31,30,19,0,16.2,6,6,89,11:12 PM,06:54 AM,05:18 AM,09:37 PM,17,26,26,25,6,18,61,0.3,1014,30,10,185,4,Bergkamen
2018-06-01,24,17,0,13.9,6,6,74,12:00 AM,07:39 AM,05:18 AM,09:38 PM,17,21,23,21,11,59,78,3.5,1016,24,10,288,8,Bergkamen
2018-06-02,22,16,0,14.8,4,4,67,No moonrise,08:30 AM,05:17 AM,09:39 PM,14,19,19,19,13,72,77,0.2,1018,22,10,271,11,Bergkamen
2018-06-03,25,16,0,16.2,6,6,59,12:41 AM,09:27 AM,05:16 AM,09:40 PM,14,21,22,21,6,38,66,0,1019,25,10,193,5,Bergkamen
2018-06-04,25,17,0,16.3,6,6,52,01:15 AM,10:27 AM,05:15 AM,09:41 PM,15,21,22,21,11,19,68,0,1014,25,10,37,9,Bergkamen
2018-06-05,21,15,0,14.8,4,4,44,01:44 AM,11:31 AM,05:15 AM,09:42 PM,14,19,19,19,10,43,74,0,1014,21,10,36,8,Bergkamen
2018-06-06,27,15,0,16.3,6,6,36,02:09 AM,12:37 PM,05:14 AM,09:43 PM,15,23,24,23,12,2,64,0,1014,27,10,71,9,Bergkamen
2018-06-07,30,18,0,16.3,6,6,29,02:32 AM,01:45 PM,05:14 AM,09:44 PM,16,26,26,25,6,26,59,0,1014,30,10,190,4,Bergkamen
2018-06-08,25,20,0,15.7,5,5,21,02:54 AM,02:54 PM,05:13 AM,09:45 PM,17,22,23,22,9,45,72,0.3,1014,25,10,210,7,Bergkamen
2018-06-09,29,17,0,16.3,6,6,14,03:16 AM,04:06 PM,05:13 AM,09:46 PM,16,24,24,23,8,26,65,0.9,1013,29,10,178,6,Bergkamen
2018-06-10,24,19,0,16.3,6,6,6,03:39 AM,05:22 PM,05:12 AM,09:46 PM,16,21,22,21,10,54,72,0.1,1012,24,10,258,8,Bergkamen
2018-06-11,22,15,0,15.7,5,5,0,04:05 AM,06:39 PM,05:12 AM,09:47 PM,12,19,19,19,15,47,69,0,1013,22,10,39,12,Bergkamen
2018-06-12,17,13,0,12.3,4,4,0,04:35 AM,07:58 PM,05:12 AM,09:48 PM,11,15,15,15,13,82,74,0.2,1013,17,9,150,10,Bergkamen
2018-06-13,17,13,0,13.1,3,3,0,05:13 AM,09:15 PM,05:11 AM,09:48 PM,9,15,15,15,12,75,66,0,1016,17,10,322,10,Bergkamen
2018-06-14,22,11,0,14.8,5,5,1,06:01 AM,10:25 PM,05:11 AM,09:49 PM,9,17,17,17,14,50,62,0,1016,22,10,214,11,Bergkamen
2018-06-15,24,14,0,16.4,5,5,9,07:00 AM,11:25 PM,05:11 AM,09:49 PM,12,20,21,20,5,48,64,0.1,1017,24,10,182,3,Bergkamen
2018-06-16,24,18,0,15.7,6,6,16,08:10 AM,No moonset,05:11 AM,09:50 PM,12,21,22,21,11,56,60,0.3,1015,24,10,232,8,Bergkamen
2018-06-17,19,15,0,15.7,5,5,24,09:27 AM,12:13 AM,05:11 AM,09:50 PM,10,17,17,17,18,50,61,0,1017,19,10,252,14,Bergkamen
2018-06-18,20,15,0,13.2,4,4,31,10:46 AM,12:51 AM,05:11 AM,09:51 PM,12,18,18,18,17,86,72,0.1,1020,20,10,226,12,Bergkamen
2018-06-19,21,16,0,13.2,4,4,39,12:04 PM,01:22 AM,05:11 AM,09:51 PM,14,18,19,18,15,73,77,0,1023,21,10,247,11,Bergkamen
2018-06-20,27,16,0,16.4,6,6,46,01:20 PM,01:48 AM,05:11 AM,09:51 PM,15,23,23,23,11,30,65,0,1021,27,10,240,9,Bergkamen
2018-06-21,19,12,0,15.7,5,5,54,02:33 PM,02:11 AM,05:11 AM,09:51 PM,10,16,17,16,24,40,66,0.5,1018,19,9,286,19,Bergkamen
2018-06-22,15,11,0,13.2,3,3,61,03:44 PM,02:33 AM,05:12 AM,09:52 PM,7,11,13,11,26,84,68,0.4,1024,15,9,297,19,Bergkamen
2018-06-23,17,9,0,14,3,3,69,04:54 PM,02:55 AM,05:12 AM,09:52 PM,8,13,13,13,17,70,72,0,1026,17,10,301,13,Bergkamen
2018-06-24,16,11,0,12.3,3,3,77,06:02 PM,03:19 AM,05:12 AM,09:52 PM,10,14,14,14,10,87,75,0,1023,16,10,319,8,Bergkamen
2018-06-25,21,13,0,14.8,4,4,84,07:08 PM,03:46 AM,05:13 AM,09:52 PM,12,16,16,16,13,71,76,0,1024,21,10,329,10,Bergkamen
2018-06-26,20,11,0,15.7,5,5,92,08:10 PM,04:16 AM,05:13 AM,09:52 PM,11,16,16,16,9,36,72,0,1025,20,10,68,7,Bergkamen
2018-06-27,24,12,0,16.4,5,5,99,09:07 PM,04:52 AM,05:14 AM,09:52 PM,12,20,21,20,14,5,63,0,1025,24,10,66,11,Bergkamen
2018-06-28,26,16,0,16.4,6,6,100,09:57 PM,05:35 AM,05:14 AM,09:52 PM,13,22,22,22,16,5,57,0,1022,26,10,54,12,Bergkamen
2018-06-29,27,16,0,16.4,6,6,86,10:40 PM,06:23 AM,05:15 AM,09:51 PM,14,23,23,23,13,4,60,0,1019,27,10,28,10,Bergkamen
2018-06-30,25,17,0,16.4,6,6,78,11:17 PM,07:19 AM,05:15 AM,09:51 PM,13,22,22,22,19,3,60,0,1017,25,10,74,15,Bergkamen
2018-07-01,24,15,0,16.4,5,5,75,11:48 PM,08:18 AM,05:16 AM,09:51 PM,9,20,20,20,22,0,48,0,1018,24,10,96,17,Bergkamen
2018-07-02,24,14,0,16.3,5,5,68,No moonrise,09:21 AM,05:17 AM,09:50 PM,9,21,21,21,17,2,49,0,1018,24,10,74,13,Bergkamen
2018-07-03,28,15,0,16.3,6,6,61,12:14 AM,10:25 AM,05:17 AM,09:50 PM,10,23,23,23,10,11,46,0,1017,28,10,46,7,Bergkamen
2018-07-04,30,17,0,16.3,6,6,54,12:38 AM,11:31 AM,05:18 AM,09:50 PM,13,24,24,24,6,22,52,0,1015,30,10,152,4,Bergkamen
2018-07-05,26,18,0,16.3,6,6,46,12:59 AM,12:38 PM,05:19 AM,09:49 PM,15,24,24,23,9,15,64,1,1014,26,10,291,8,Bergkamen
2018-07-06,24,16,0,14.8,4,4,39,01:20 AM,01:48 PM,05:20 AM,09:49 PM,13,20,20,20,12,50,65,0,1020,24,10,248,9,Bergkamen
2018-07-07,24,15,0,16.3,5,5,32,01:42 AM,03:00 PM,05:21 AM,09:48 PM,10,20,21,20,11,15,52,0,1023,24,10,193,9,Bergkamen
2018-07-08,24,13,0,16.3,5,5,24,02:05 AM,04:14 PM,05:22 AM,09:47 PM,11,20,20,20,11,4,59,0,1024,24,10,223,9,Bergkamen
2018-07-09,22,14,0,13.9,5,5,17,02:32 AM,05:31 PM,05:23 AM,09:47 PM,13,19,19,19,12,50,70,0.3,1023,22,10,261,9,Bergkamen
2018-07-10,17,13,0,13.9,3,3,10,03:06 AM,06:48 PM,05:24 AM,09:46 PM,10,14,15,14,17,60,72,0.2,1017,17,10,258,14,Bergkamen
2018-07-11,19,12,0,13.9,5,5,3,03:47 AM,08:02 PM,05:25 AM,09:45 PM,12,16,16,16,13,64,79,2.5,1017,19,10,257,9,Bergkamen
2018-07-12,25,14,0,16.2,5,5,0,04:40 AM,09:08 PM,05:26 AM,09:44 PM,14,20,21,20,9,30,70,0.2,1018,25,8,324,7,Bergkamen
2018-07-13,25,15,0,16.2,6,6,0,05:45 AM,10:02 PM,05:27 AM,09:43 PM,13,21,22,21,9,12,63,0,1021,25,10,177,7,Bergkamen
2018-07-14,25,15,0,16.1,6,6,4,07:00 AM,10:46 PM,05:28 AM,09:42 PM,14,21,22,21,11,11,65,0,1020,25,10,116,9,Bergkamen
2018-07-15,25,15,0,16.1,6,6,12,08:21 AM,11:22 PM,05:29 AM,09:41 PM,12,22,23,22,11,4,57,0,1017,25,10,60,9,Bergkamen
2018-07-16,29,16,0,16.1,6,6,19,09:43 AM,11:51 PM,05:31 AM,09:40 PM,14,25,25,25,8,6,51,0,1014,29,10,50,7,Bergkamen
2018-07-17,29,19,0,16.1,6,6,26,11:02 AM,No moonset,05:32 AM,09:39 PM,12,25,25,24,13,13,49,0,1015,29,10,229,10,Bergkamen
2018-07-18,25,16,0,16.1,6,6,34,12:19 PM,12:15 AM,05:33 AM,09:38 PM,11,23,23,23,8,10,50,0,1019,25,10,207,6,Bergkamen
2018-07-19,27,17,0,16,6,6,41,01:33 PM,12:38 AM,05:34 AM,09:37 PM,10,23,23,23,12,20,47,0,1018,27,10,90,9,Bergkamen
2018-07-20,29,18,0,16,6,6,48,02:44 PM,01:01 AM,05:36 AM,09:36 PM,12,25,25,24,8,32,46,0,1014,29,10,229,5,Bergkamen
2018-07-21,30,20,0,16,6,6,55,03:53 PM,01:25 AM,05:37 AM,09:35 PM,11,26,26,25,5,27,43,0,1011,30,10,236,4,Bergkamen
2018-07-22,27,18,0,16,6,6,63,05:00 PM,01:50 AM,05:38 AM,09:33 PM,14,24,24,23,11,27,59,0.2,1014,27,10,308,9,Bergkamen
2018-07-23,29,18,0,15.9,6,6,70,06:03 PM,02:19 AM,05:40 AM,09:32 PM,14,25,25,25,7,9,52,0,1017,29,10,237,6,Bergkamen
2018-07-24,32,21,0,15.9,7,7,77,07:01 PM,02:53 AM,05:41 AM,09:31 PM,16,30,30,29,7,13,46,0,1015,32,10,95,5,Bergkamen
2018-07-25,33,23,0,15.9,7,7,84,07:54 PM,03:33 AM,05:42 AM,09:29 PM,17,29,29,28,7,31,54,0,1015,33,10,148,5,Bergkamen
2018-07-26,34,23,0,15.8,7,7,92,08:39 PM,04:19 AM,05:44 AM,09:28 PM,17,30,30,29,15,18,51,0,1015,34,10,86,10,Bergkamen
2018-07-27,33,24,0,15.8,7,7,99,09:19 PM,05:13 AM,05:45 AM,09:26 PM,14,30,30,29,17,5,40,0,1013,33,10,97,12,Bergkamen
2018-07-28,28,21,0,15.8,7,7,100,09:51 PM,06:10 AM,05:47 AM,09:25 PM,16,26,26,26,15,21,55,0.1,1009,28,10,238,11,Bergkamen
2018-07-29,29,18,0,15.8,6,6,86,10:19 PM,07:13 AM,05:48 AM,09:23 PM,12,24,24,24,13,36,50,0,1014,29,10,159,10,Bergkamen
2018-07-30,32,22,0,15.7,7,7,79,10:43 PM,08:16 AM,05:50 AM,09:22 PM,15,28,28,28,7,26,46,0,1015,32,10,188,5,Bergkamen
2018-07-31,31,22,0,15.7,7,7,75,11:05 PM,09:22 AM,05:51 AM,09:20 PM,16,28,28,27,11,22,52,0,1017,31,10,279,9,Bergkamen
2018-08-01,28,19,0,15.7,6,6,65,11:26 PM,10:29 AM,05:53 AM,09:18 PM,13,25,25,24,11,26,51,0,1021,28,10,39,9,Bergkamen
2018-08-02,32,20,0,15.6,7,7,57,11:47 PM,11:37 AM,05:54 AM,09:17 PM,15,28,28,27,10,15,49,0,1022,32,10,163,8,Bergkamen
2018-08-03,34,22,0,15.6,7,7,50,No moonrise,12:46 PM,05:56 AM,09:15 PM,17,31,31,30,8,5,49,0,1021,34,10,125,6,Bergkamen
2018-08-04,31,22,0,15.6,7,7,43,12:09 AM,01:57 PM,05:57 AM,09:13 PM,15,28,28,27,14,10,52,0,1019,31,10,190,11,Bergkamen
2018-08-05,26,19,0,15.5,6,6,36,12:33 AM,03:11 PM,05:59 AM,09:12 PM,14,23,23,23,12,34,59,0.1,1022,26,10,55,10,Bergkamen
2018-08-06,33,17,0,15.1,7,7,28,01:03 AM,04:25 PM,06:00 AM,09:10 PM,12,26,26,27,8,8,42,0,1017,33,10,116,6,Bergkamen
2018-08-07,36,23,0,14.5,7,7,21,01:39 AM,05:39 PM,06:02 AM,09:08 PM,12,30,30,30,9,8,34,0,1010,36,10,166,7,Bergkamen
2018-08-08,27,21,0,12.5,6,6,14,02:24 AM,06:47 PM,06:03 AM,09:06 PM,16,26,26,25,20,48,57,0,1011,27,10,234,15,Bergkamen
2018-08-09,30,19,0,13.5,5,5,6,03:23 AM,07:47 PM,06:05 AM,09:04 PM,15,23,23,23,22,49,62,0.5,1012,30,10,132,16,Bergkamen
2018-08-10,23,16,0,14.5,5,5,0,04:32 AM,08:36 PM,06:06 AM,09:02 PM,8,19,20,19,24,34,50,0,1020,23,10,233,19,Bergkamen
2018-08-11,22,15,0,14.5,5,5,0,05:51 AM,09:16 PM,06:08 AM,09:00 PM,8,19,19,19,18,32,50,0,1021,22,10,266,14,Bergkamen
2018-08-12,27,15,0,11.6,6,6,1,07:13 AM,09:49 PM,06:09 AM,08:58 PM,8,22,22,22,12,24,43,0,1016,27,10,178,9,Bergkamen
2018-08-13,23,18,0,10.5,5,5,8,08:36 AM,10:16 PM,06:11 AM,08:56 PM,12,21,21,21,18,42,59,0.4,1008,23,10,203,13,Bergkamen
2018-08-14,24,17,0,9.4,4,4,15,09:56 AM,10:40 PM,06:13 AM,08:54 PM,14,20,20,20,20,64,70,0,1013,24,10,270,15,Bergkamen
2018-08-15,24,17,0,10.5,6,6,22,11:14 AM,11:04 PM,06:14 AM,08:52 PM,14,21,22,21,11,49,64,0,1019,24,10,238,9,Bergkamen
2018-08-16,28,18,0,11.6,6,6,30,12:28 PM,11:28 PM,06:16 AM,08:50 PM,14,24,24,23,10,11,57,0,1016,28,10,210,8,Bergkamen
2018-08-17,22,18,0,10.5,5,5,37,01:41 PM,11:53 PM,06:17 AM,08:48 PM,13,20,21,20,9,35,64,0,1018,22,10,257,7,Bergkamen
2018-08-18,25,16,0,11.6,6,6,44,02:49 PM,No moonset,06:19 AM,08:46 PM,11,21,22,21,9,9,53,0,1022,25,10,264,8,Bergkamen
2018-08-19,26,17,0,11.6,6,6,51,03:54 PM,12:21 AM,06:20 AM,08:44 PM,14,22,23,22,12,11,60,0,1021,26,10,233,10,Bergkamen
2018-08-20,22,19,0,7.1,5,5,59,04:55 PM,12:53 AM,06:22 AM,08:42 PM,16,21,22,21,12,79,75,0,1019,22,10,279,9,Bergkamen
2018-08-21,27,18,0,11.6,6,6,66,05:50 PM,01:32 AM,06:24 AM,08:40 PM,15,22,23,22,7,53,63,0,1021,27,10,83,5,Bergkamen
2018-08-22,29,19,0,10.5,6,6,73,06:37 PM,02:15 AM,06:25 AM,08:38 PM,15,25,25,24,9,46,57,0,1017,29,10,224,7,Bergkamen
2018-08-23,27,19,0,11.6,6,6,81,07:19 PM,03:07 AM,06:27 AM,08:36 PM,15,25,25,24,12,13,59,0,1013,27,10,265,9,Bergkamen
2018-08-24,21,16,0,11.6,5,5,88,07:53 PM,04:03 AM,06:29 AM,08:34 PM,10,18,18,18,20,56,59,0.1,1011,21,10,260,15,Bergkamen
2018-08-25,18,13,0,10.5,5,5,95,08:22 PM,05:04 AM,06:30 AM,08:31 PM,7,14,15,14,22,59,59,0.1,1011,18,10,251,17,Bergkamen
2018-08-26,20,11,0,10.4,5,5,100,08:48 PM,06:08 AM,06:32 AM,08:29 PM,6,16,16,16,14,25,55,0,1016,20,10,220,11,Bergkamen
2018-08-27,20,15,0,7,4,4,100,09:11 PM,07:14 AM,06:33 AM,08:27 PM,10,17,17,17,26,84,63,0,1012,20,10,232,20,Bergkamen
2018-08-28,24,15,0,11.6,5,5,83,09:32 PM,08:20 AM,06:35 AM,08:25 PM,11,20,21,20,9,19,60,0,1019,24,10,178,6,Bergkamen
2018-08-29,26,16,0,11.6,6,6,76,09:53 PM,09:29 AM,06:37 AM,08:23 PM,12,22,22,22,7,29,55,0,1014,26,10,195,6,Bergkamen
2018-08-30,21,15,0,11.6,5,5,69,10:14 PM,10:37 AM,06:38 AM,08:21 PM,11,17,17,17,18,57,68,1.1,1019,21,10,268,14,Bergkamen
2018-08-31,19,13,0,11.6,5,5,65,10:37 PM,11:48 AM,06:40 AM,08:18 PM,8,16,16,16,8,50,61,0.1,1023,19,10,150,7,Bergkamen
2018-09-01,20,12,0,11.6,5,5,48,11:04 PM,01:00 PM,06:41 AM,08:16 PM,9,18,18,18,10,8,58,0,1026,20,10,35,8,Bergkamen
2018-09-02,23,13,0,11.6,5,5,41,11:37 PM,02:12 PM,06:43 AM,08:14 PM,10,18,19,18,14,23,60,0,1025,23,10,63,12,Bergkamen
2018-09-03,23,16,0,8,4,4,33,No moonrise,03:25 PM,06:45 AM,08:12 PM,15,20,21,20,7,61,74,0.1,1018,23,10,88,6,Bergkamen
2018-09-04,27,17,0,11.6,6,6,26,12:17 AM,04:33 PM,06:46 AM,08:09 PM,15,22,23,22,6,22,67,0,1016,27,10,100,5,Bergkamen
2018-09-05,27,18,0,11.6,6,6,18,01:08 AM,05:35 PM,06:48 AM,08:07 PM,14,24,24,23,10,8,59,0,1017,27,10,61,8,Bergkamen
2018-09-06,23,17,0,9.2,5,5,11,02:10 AM,06:26 PM,06:49 AM,08:05 PM,13,19,20,19,7,55,68,0,1013,23,10,240,6,Bergkamen
2018-09-07,19,14,0,9.2,4,4,3,03:23 AM,07:10 PM,06:51 AM,08:03 PM,10,16,17,16,16,45,66,0.1,1014,19,10,249,13,Bergkamen
2018-09-08,19,12,0,9.2,5,5,0,04:43 AM,07:45 PM,06:53 AM,08:00 PM,7,15,16,15,16,50,57,0,1020,19,10,230,12,Bergkamen
2018-09-09,23,15,0,11.6,5,5,0,06:05 AM,08:14 PM,06:54 AM,07:58 PM,9,19,20,19,12,29,54,0,1021,23,10,201,9,Bergkamen
2018-09-10,21,17,0,9.1,5,5,0,07:28 AM,08:40 PM,06:56 AM,07:56 PM,12,19,19,19,14,51,62,0,1022,21,10,233,9,Bergkamen
2018-09-11,25,16,0,11.6,6,6,4,08:48 AM,09:04 PM,06:58 AM,07:54 PM,12,20,21,20,22,20,62,0,1021,25,10,237,16,Bergkamen
2018-09-12,21,14,0,7.7,4,4,12,10:06 AM,09:28 PM,06:59 AM,07:51 PM,13,18,19,18,15,48,71,0,1021,21,10,208,12,Bergkamen
2018-09-13,18,13,0,8.9,4,4,19,11:21 AM,09:53 PM,07:01 AM,07:49 PM,11,16,16,16,8,70,73,0.6,1021,18,9,68,7,Bergkamen
2018-09-14,20,12,0,11.6,5,5,27,12:33 PM,10:20 PM,07:02 AM,07:47 PM,8,17,18,17,8,6,54,0,1021,20,10,201,6,Bergkamen
2018-09-15,20,13,0,11.6,5,5,34,01:42 PM,10:51 PM,07:04 AM,07:45 PM,9,16,16,16,14,37,64,0,1023,20,10,252,10,Bergkamen
2018-09-16,23,13,0,11.6,5,5,42,02:46 PM,11:28 PM,07:06 AM,07:42 PM,9,18,19,18,10,24,56,0,1023,23,10,183,7,Bergkamen
2018-09-17,25,15,0,11.6,5,5,49,03:44 PM,No moonset,07:07 AM,07:40 PM,10,22,22,22,10,2,50,0,1019,25,10,191,7,Bergkamen
2018-09-18,29,19,0,11.6,6,6,57,04:34 PM,12:10 AM,07:09 AM,07:38 PM,11,24,24,24,23,5,46,0.1,1014,29,10,213,15,Bergkamen
2018-09-19,27,18,0,11.6,6,6,64,05:18 PM,12:59 AM,07:11 AM,07:35 PM,14,22,23,22,16,15,61,0,1017,27,10,223,12,Bergkamen
2018-09-20,25,18,0,11.6,6,6,72,05:55 PM,01:54 AM,07:12 AM,07:33 PM,13,22,23,22,20,9,58,0,1016,25,10,208,14,Bergkamen
2018-09-21,21,14,0,10.2,5,5,80,06:25 PM,02:53 AM,07:14 AM,07:31 PM,8,18,19,18,32,44,53,0,1009,21,10,226,22,Bergkamen
2018-09-22,17,12,0,7.4,3,3,87,06:52 PM,03:57 AM,07:15 AM,07:28 PM,7,12,13,12,24,64,66,0.1,1019,17,10,243,18,Bergkamen
2018-09-23,12,9,0,6,3,3,95,07:15 PM,05:02 AM,07:17 AM,07:26 PM,8,10,11,10,15,90,84,0.6,1014,12,9,148,11,Bergkamen
2018-09-24,14,8,0,11.6,4,4,100,07:37 PM,06:09 AM,07:19 AM,07:24 PM,4,9,11,9,20,14,65,0.1,1031,14,10,295,15,Bergkamen
2018-09-25,16,7,0,11.6,4,4,100,07:58 PM,07:18 AM,07:20 AM,07:21 PM,5,13,13,13,6,10,62,0,1038,16,10,224,4,Bergkamen
2018-09-26,18,9,0,11.6,4,4,83,08:19 PM,08:27 AM,07:22 AM,07:19 PM,1,12,13,12,18,47,45,0,1034,18,10,215,12,Bergkamen
2018-09-27,22,12,0,11.6,5,5,75,08:41 PM,09:39 AM,07:24 AM,07:17 PM,6,17,18,17,12,6,45,0,1027,22,10,229,8,Bergkamen
2018-09-28,15,10,0,10.2,3,3,68,09:07 PM,10:51 AM,07:25 AM,07:14 PM,6,13,13,13,13,46,62,0,1026,15,10,122,10,Bergkamen
2018-09-29,16,7,0,11.6,4,4,60,09:38 PM,12:04 PM,07:27 AM,07:12 PM,4,13,13,13,6,4,57,0,1029,16,10,81,5,Bergkamen
2018-09-30,17,8,0,11.6,4,4,52,10:15 PM,01:17 PM,07:29 AM,07:10 PM,3,14,14,14,9,11,50,0,1018,17,10,244,6,Bergkamen
2018-10-01,13,8,0,10.2,4,4,51,11:01 PM,02:25 PM,07:30 AM,07:08 PM,4,9,10,9,19,42,66,0.2,1018,13,10,302,15,Bergkamen
2018-10-02,12,7,0,7.3,2,2,43,11:58 PM,03:28 PM,07:32 AM,07:05 PM,6,7,9,7,27,71,80,0.1,1018,12,10,241,17,Bergkamen
2018-10-03,14,10,0,8.7,3,3,36,No moonrise,04:22 PM,07:33 AM,07:03 PM,6,11,12,11,18,63,68,0,1023,14,10,277,13,Bergkamen
2018-10-04,17,9,0,10.2,4,4,29,01:06 AM,05:07 PM,07:35 AM,07:01 PM,8,12,13,12,14,47,74,0,1026,17,10,209,10,Bergkamen
2018-10-05,22,11,0,11.2,5,5,21,02:20 AM,05:43 PM,07:37 AM,06:58 PM,10,18,18,18,12,0,63,0,1019,22,10,173,9,Bergkamen
2018-10-06,23,13,0,11.2,5,5,14,03:40 AM,06:13 PM,07:38 AM,06:56 PM,12,19,19,19,12,7,67,0,1010,23,10,204,9,Bergkamen
2018-10-07,14,10,0,11.1,4,4,7,05:01 AM,06:40 PM,07:40 AM,06:54 PM,6,12,13,12,15,35,67,0,1018,14,10,84,12,Bergkamen
2018-10-08,16,8,0,11.1,4,4,0,06:21 AM,07:04 PM,07:42 AM,06:52 PM,4,13,13,13,6,7,56,0,1022,16,10,216,4,Bergkamen
2018-10-09,19,10,0,5.5,3,3,0,07:40 AM,07:28 PM,07:43 AM,06:49 PM,8,15,15,15,8,43,63,0,1022,19,10,195,5,Bergkamen
2018-10-10,23,12,0,11,5,5,0,08:57 AM,07:52 PM,07:45 AM,06:47 PM,11,18,18,18,14,6,66,0,1018,23,10,111,10,Bergkamen
2018-10-11,23,14,0,11,5,5,7,10:12 AM,08:18 PM,07:47 AM,06:45 PM,13,19,20,19,13,13,68,0,1014,23,10,165,8,Bergkamen
2018-10-12,24,16,0,11,5,5,15,11:24 AM,08:47 PM,07:48 AM,06:43 PM,13,20,21,20,22,16,64,0,1019,24,10,184,14,Bergkamen
2018-10-13,26,18,0,10.9,6,6,22,12:32 PM,09:22 PM,07:50 AM,06:40 PM,12,22,22,22,22,8,56,0,1019,26,10,168,13,Bergkamen
2018-10-14,24,17,0,10.9,6,6,29,01:34 PM,10:02 PM,07:52 AM,06:38 PM,11,21,21,21,22,4,55,0,1012,24,10,168,14,Bergkamen
2018-10-15,24,17,0,10.8,5,5,36,02:28 PM,10:49 PM,07:54 AM,06:36 PM,11,21,22,21,14,11,53,0,1013,24,10,197,9,Bergkamen
2018-10-16,24,16,0,10,5,5,44,03:15 PM,11:42 PM,07:55 AM,06:34 PM,11,20,20,20,7,29,57,0,1018,24,10,163,4,Bergkamen
2018-10-17,22,15,0,10.8,5,5,51,03:55 PM,No moonset,07:57 AM,06:32 PM,11,19,19,19,10,18,62,0,1019,22,10,213,6,Bergkamen
2018-10-18,16,11,0,8.5,3,3,58,04:27 PM,12:40 AM,07:59 AM,06:30 PM,11,13,14,13,12,56,82,0,1023,16,10,67,9,Bergkamen
2018-10-19,15,9,0,10,4,4,66,04:55 PM,01:43 AM,08:00 AM,06:28 PM,9,12,12,12,10,38,80,0,1025,15,10,53,7,Bergkamen
2018-10-20,14,7,0,10.2,4,4,73,05:19 PM,02:47 AM,08:02 AM,06:25 PM,7,11,11,11,4,20,73,0,1030,14,10,158,3,Bergkamen
2018-10-21,16,8,0,10.2,4,4,80,05:41 PM,03:54 AM,08:04 AM,06:23 PM,7,13,13,13,5,6,65,0,1029,16,10,195,4,Bergkamen
2018-10-22,13,9,0,6.7,3,3,87,06:02 PM,05:02 AM,08:05 AM,06:21 PM,6,11,11,11,11,49,70,0.2,1030,13,9,213,8,Bergkamen
2018-10-23,12,7,0,5.1,3,3,95,06:22 PM,06:12 AM,08:07 AM,06:19 PM,6,8,10,8,31,72,74,0.1,1024,12,10,258,21,Bergkamen
2018-10-24,14,13,0,5,3,3,100,06:45 PM,07:24 AM,08:09 AM,06:17 PM,10,11,13,11,28,98,82,0.3,1021,14,9,291,19,Bergkamen
2018-10-25,13,11,0,5,3,3,100,07:09 PM,08:37 AM,08:11 AM,06:15 PM,9,11,12,11,20,80,79,0,1018,13,10,263,14,Bergkamen
2018-10-26,11,8,0,5,2,2,84,07:38 PM,09:52 AM,08:12 AM,06:13 PM,7,8,10,8,22,81,80,0.4,1008,11,10,235,16,Bergkamen
2018-10-27,9,5,0,6.6,2,2,76,08:13 PM,11:07 AM,08:14 AM,06:12 PM,2,5,7,5,14,42,71,0,1008,9,10,225,10,Bergkamen
2018-10-28,6,2,0,9.9,2,2,69,08:57 PM,12:19 PM,08:16 AM,06:10 PM,0,1,4,1,24,45,71,0,1015,6,10,47,18,Bergkamen
2018-10-29,6,3,0,5,1,1,62,09:52 PM,01:25 PM,08:18 AM,06:08 PM,1,1,5,1,22,97,76,0,1005,6,10,54,17,Bergkamen
2018-10-30,9,4,0,4.9,2,2,54,10:56 PM,02:22 PM,08:19 AM,06:06 PM,3,3,6,3,29,95,78,0,992,9,10,159,22,Bergkamen
2018-10-31,11,5,0,8.3,3,3,51,No moonrise,03:08 PM,08:21 AM,06:04 PM,3,7,9,7,21,57,67,0,1013,11,10,177,14,Bergkamen
2018-11-01,12,8,0,8.2,3,3,34,12:08 AM,03:46 PM,08:23 AM,06:02 PM,5,9,10,9,15,59,69,0,1012,12,10,165,9,Bergkamen
2018-11-02,11,6,0,9.8,3,3,26,01:25 AM,04:17 PM,08:25 AM,06:01 PM,5,8,10,8,18,55,75,0,1021,11,10,239,12,Bergkamen
2018-11-03,10,4,0,8.7,3,3,19,02:43 AM,04:43 PM,08:26 AM,05:59 PM,2,8,8,8,7,6,69,0,1029,10,10,153,5,Bergkamen
2018-11-04,12,5,0,5.2,2,2,11,04:01 AM,05:07 PM,08:28 AM,05:57 PM,7,9,9,9,8,40,83,0,1018,12,10,128,5,Bergkamen
2018-11-05,13,7,0,8.7,3,3,4,05:19 AM,05:30 PM,08:30 AM,05:55 PM,8,10,10,10,8,38,85,0,1010,13,9,111,5,Bergkamen
2018-11-06,18,10,0,8.7,4,4,0,06:35 AM,05:53 PM,08:32 AM,05:54 PM,8,13,14,13,14,10,68,0,1008,18,10,144,8,Bergkamen
2018-11-07,16,10,0,8.7,4,4,0,07:51 AM,06:17 PM,08:34 AM,05:52 PM,7,12,13,12,21,36,69,0.2,1010,16,9,182,13,Bergkamen
2018-11-08,13,9,0,8.7,4,4,0,09:04 AM,06:45 PM,08:35 AM,05:50 PM,8,11,12,11,13,27,77,0,1020,13,10,166,9,Bergkamen
2018-11-09,14,9,0,8.7,4,4,4,10:15 AM,07:17 PM,08:37 AM,05:49 PM,8,10,12,10,18,46,79,0.1,1014,14,10,155,12,Bergkamen
2018-11-10,13,12,0,3.4,3,3,11,11:21 AM,07:55 PM,08:39 AM,05:47 PM,8,11,13,11,30,76,75,0,1005,13,10,178,19,Bergkamen
2018-11-11,14,11,0,3.4,3,3,19,12:19 PM,08:39 PM,08:41 AM,05:46 PM,9,10,12,10,29,79,79,0.2,1008,14,10,196,19,Bergkamen
2018-11-12,15,10,0,3.4,3,3,26,01:11 PM,09:30 PM,08:42 AM,05:44 PM,10,12,12,12,13,89,84,0,1015,15,10,204,9,Bergkamen
2018-11-13,12,9,0,6.9,4,4,34,01:53 PM,10:26 PM,08:44 AM,05:43 PM,7,9,11,9,24,54,78,0.1,1023,12,10,226,16,Bergkamen
2018-11-14,12,7,0,8.7,3,3,41,02:28 PM,11:27 PM,08:46 AM,05:41 PM,6,8,10,8,14,16,79,0,1029,12,10,188,10,Bergkamen
2018-11-15,10,5,0,8.7,3,3,49,02:58 PM,No moonset,08:48 AM,05:40 PM,2,7,8,7,10,8,65,0,1027,10,10,157,7,Bergkamen
2018-11-16,11,4,0,8.7,3,3,56,03:23 PM,12:30 AM,08:49 AM,05:39 PM,3,8,8,8,8,6,67,0,1029,11,10,114,6,Bergkamen
2018-11-17,9,3,0,8.7,3,3,64,03:46 PM,01:36 AM,08:51 AM,05:37 PM,0,4,6,4,19,3,63,0,1032,9,10,86,13,Bergkamen
2018-11-18,5,1,0,8.7,2,2,72,04:06 PM,02:43 AM,08:53 AM,05:36 PM,-5,0,3,0,20,9,55,0,1030,5,10,64,14,Bergkamen
2018-11-19,5,3,0,3.3,1,1,79,04:26 PM,03:52 AM,08:54 AM,05:35 PM,0,0,4,0,30,85,76,0.1,1020,5,10,59,21,Bergkamen
2018-11-20,4,2,0.3,6.9,2,2,87,04:47 PM,05:02 AM,08:56 AM,05:34 PM,-3,-2,3,-2,29,70,69,0.3,1012,4,9,86,20,Bergkamen
2018-11-21,5,1,0,8.7,2,2,94,05:10 PM,06:15 AM,08:58 AM,05:33 PM,-1,0,3,0,13,19,78,0,1017,5,10,84,10,Bergkamen
2018-11-22,5,1,0,8.3,2,2,100,05:37 PM,07:31 AM,09:00 AM,05:31 PM,0,1,3,1,10,59,78,0,1021,5,10,103,7,Bergkamen
2018-11-23,8,1,0,5.8,2,2,100,06:09 PM,08:47 AM,09:01 AM,05:30 PM,1,4,5,4,10,10,77,0,1019,8,10,114,6,Bergkamen
2018-11-24,4,2,0,2.1,1,1,83,06:50 PM,10:04 AM,09:03 AM,05:29 PM,1,3,4,3,6,64,83,0.3,1013,4,9,126,4,Bergkamen
2018-11-25,5,3,0,2.1,1,1,76,07:42 PM,11:15 AM,09:04 AM,05:28 PM,3,3,4,3,10,96,89,0.2,1012,5,10,102,7,Bergkamen
2018-11-26,5,3,0,2.1,1,1,68,08:44 PM,12:17 PM,09:06 AM,05:27 PM,2,1,4,1,17,97,86,0,1013,5,10,61,12,Bergkamen
2018-11-27,5,1,0,3.9,1,1,60,09:56 PM,01:09 PM,09:07 AM,05:27 PM,0,1,3,1,10,67,82,0,1020,5,10,101,7,Bergkamen
2018-11-28,6,1,0,2,1,1,53,11:13 PM,01:50 PM,09:09 AM,05:26 PM,-1,0,4,0,27,55,72,0.3,1021,6,9,164,17,Bergkamen
2018-11-29,10,6,0,3.9,3,3,45,No moonrise,02:23 PM,09:10 AM,05:25 PM,4,5,8,5,36,59,78,0.1,1015,10,10,178,22,Bergkamen
2018-11-30,10,7,0,3.9,3,3,38,12:31 AM,02:50 PM,09:12 AM,05:24 PM,6,7,9,7,23,66,84,0,1012,10,10,199,14,Bergkamen
2018-12-01,9,6,0,3.9,3,3,36,01:49 AM,03:14 PM,09:13 AM,05:24 PM,5,5,8,5,26,61,81,0.1,1012,9,10,201,17,Bergkamen
2018-12-02,12,9,0,2,3,3,29,03:06 AM,03:36 PM,09:15 AM,05:23 PM,9,8,11,8,30,95,87,0,1001,12,10,218,20,Bergkamen
2018-12-03,12,10,0,2,3,3,22,04:21 AM,03:58 PM,09:16 AM,05:22 PM,9,10,12,10,25,90,86,0.4,1001,12,9,237,16,Bergkamen
2018-12-04,9,5,0,5.8,3,3,15,05:35 AM,04:20 PM,09:17 AM,05:22 PM,3,5,7,5,14,45,74,0.1,1018,9,10,272,10,Bergkamen
2018-12-05,7,3,0,2,2,2,7,06:48 AM,04:46 PM,09:19 AM,05:21 PM,2,3,6,3,17,66,76,0.1,1024,7,10,164,11,Bergkamen
2018-12-06,11,7,0,2,2,2,0,07:59 AM,05:15 PM,09:20 AM,05:21 PM,8,7,9,7,26,100,88,0,1016,11,10,216,16,Bergkamen
2018-12-07,12,8,0,2,3,3,0,09:07 AM,05:50 PM,09:21 AM,05:21 PM,7,8,11,8,33,98,80,1.8,1006,12,10,225,23,Bergkamen
2018-12-08,9,7,0,2,2,2,0,10:09 AM,06:31 PM,09:22 AM,05:20 PM,3,4,8,4,39,94,73,0.6,1002,9,9,237,27,Bergkamen
2018-12-09,9,6,0,2,2,2,7,11:04 AM,07:20 PM,09:24 AM,05:20 PM,4,4,8,4,36,87,75,0.7,1000,9,9,275,26,Bergkamen
2018-12-10,6,4,0,5.8,2,2,14,11:51 AM,08:14 PM,09:25 AM,05:20 PM,0,1,5,1,30,46,70,0.1,1019,6,10,284,20,Bergkamen
2018-12-11,5,3,0,5.8,2,2,21,12:29 PM,09:14 PM,09:26 AM,05:20 PM,1,1,4,1,18,42,80,0.3,1023,5,10,288,12,Bergkamen
2018-12-12,4,1,0,5.8,2,2,29,01:01 PM,10:16 PM,09:27 AM,05:20 PM,1,1,3,1,10,58,87,0,1026,4,10,94,7,Bergkamen
2018-12-13,2,0,0,5.8,2,2,36,01:27 PM,11:21 PM,09:28 AM,05:20 PM,-2,-2,2,-2,19,34,79,0,1023,2,10,72,14,Bergkamen
2018-12-14,2,0,0,5.8,2,2,43,01:50 PM,No moonset,09:29 AM,05:20 PM,-4,-2,1,-2,14,41,72,0,1024,2,10,76,10,Bergkamen
2018-12-15,1,-1,0,5.8,2,2,51,02:10 PM,12:26 AM,09:29 AM,05:20 PM,-6,-3,0,-3,14,21,61,0,1025,1,10,124,10,Bergkamen
2018-12-16,2,0,0.2,2,1,1,58,02:30 PM,01:33 AM,09:30 AM,05:20 PM,-5,-3,1,-3,18,85,70,0.2,1013,2,9,180,12,Bergkamen
2018-12-17,5,1,0,2,1,1,65,02:50 PM,02:40 AM,09:31 AM,05:20 PM,3,1,4,1,21,87,93,0.1,1019,5,8,200,12,Bergkamen
2018-12-18,7,4,0,5.8,2,2,72,03:11 PM,03:51 AM,09:32 AM,05:21 PM,2,2,5,2,23,28,83,0,1022,7,10,176,14,Bergkamen
2018-12-19,9,5,0,3.9,2,2,80,03:35 PM,05:04 AM,09:32 AM,05:21 PM,3,4,7,4,27,74,77,0,1013,9,10,185,16,Bergkamen
2018-12-20,8,6,0,2,2,2,87,04:04 PM,06:20 AM,09:33 AM,05:21 PM,4,4,7,4,24,83,84,0.1,1012,8,10,202,15,Bergkamen
2018-12-21,12,7,0,2,2,2,94,04:40 PM,07:37 AM,09:34 AM,05:22 PM,6,6,9,6,39,100,80,1.3,1004,12,10,224,25,Bergkamen
2018-12-22,10,8,0,2,2,2,100,05:27 PM,08:53 AM,09:34 AM,05:22 PM,6,6,9,6,30,96,80,0.2,1012,10,10,261,20,Bergkamen
2018-12-23,8,6,0,2,2,2,100,06:26 PM,10:02 AM,09:35 AM,05:23 PM,5,5,7,5,17,90,91,0,1018,8,9,185,11,Bergkamen
2018-12-24,6,3,0,5.8,2,2,84,07:36 PM,11:01 AM,09:35 AM,05:24 PM,2,3,5,3,14,57,80,0.5,1028,6,9,312,10,Bergkamen
2018-12-25,5,3,0,2,1,1,77,08:54 PM,11:48 AM,09:35 AM,05:24 PM,1,1,4,1,18,83,80,0,1035,5,10,251,12,Bergkamen
2018-12-26,4,0,0,2,1,1,69,10:15 PM,12:25 PM,09:36 AM,05:25 PM,-2,-1,2,-1,15,67,74,0,1032,4,10,225,10,Bergkamen
2018-12-27,5,2,0,2,1,1,62,11:37 PM,12:55 PM,09:36 AM,05:26 PM,-2,2,3,2,12,69,67,0,1028,5,10,218,7,Bergkamen
2018-12-28,3,0,0,3.9,2,2,55,No moonrise,01:21 PM,09:36 AM,05:27 PM,-2,1,3,1,10,36,67,0,1029,3,10,234,8,Bergkamen
2018-12-29,8,3,0,2,2,2,48,12:55 AM,01:43 PM,09:36 AM,05:28 PM,3,2,5,2,27,92,86,0,1029,8,10,241,18,Bergkamen
2018-12-30,7,6,0,2,2,2,40,02:11 AM,02:05 PM,09:36 AM,05:28 PM,5,4,7,4,21,93,86,0.1,1031,7,10,276,14,Bergkamen
2018-12-31,8,7,0,3.9,2,2,36,03:25 AM,02:27 PM,09:36 AM,05:29 PM,7,6,7,6,13,95,96,0,1033,8,2,260,8,Bergkamen
2019-01-01,8,7,0,2,2,2,26,04:37 AM,02:51 PM,09:36 AM,05:30 PM,3,3,7,3,33,93,78,1.2,1028,8,8,290,22,Bergkamen
