date_time,maxtempC,mintempC,totalSnow_cm,sunHour,uvIndex,uvIndex,moon_illumination,moonrise,moonset,sunrise,sunset,DewPointC,FeelsLikeC,HeatIndexC,WindChillC,WindGustKmph,cloudcover,humidity,precipMM,pressure,tempC,visibility,winddirDegree,windspeedKmph,City
2018-01-01,9,5,0,2,2,2,97,05:17 PM,08:26 AM,09:34 AM,05:32 PM,2,3,6,3,27,96,77,4.3,1001,9,10,216,19,Elverlingsen
2018-01-02,5,4,0,2,1,1,100,06:22 PM,09:32 AM,09:34 AM,05:33 PM,2,1,5,1,24,97,85,3,1008,5,10,243,17,Elverlingsen
2018-01-03,9,6,0,2,2,2,89,07:36 PM,10:26 AM,09:34 AM,05:34 PM,3,2,7,2,44,96,78,7,994,9,9,245,30,Elverlingsen
2018-01-04,9,5,0,2,2,2,81,08:54 PM,11:11 AM,09:34 AM,05:36 PM,4,3,7,3,28,99,84,1.1,996,9,9,235,19,Elverlingsen
2018-01-05,8,5,0,3.9,3,3,74,10:12 PM,11:47 AM,09:33 AM,05:37 PM,4,4,7,4,23,72,83,0,998,8,10,226,15,Elverlingsen
2018-01-06,6,3,0,2,1,1,67,11:28 PM,12:16 PM,09:33 AM,05:38 PM,3,3,5,3,11,74,89,0.2,1009,6,10,126,7,Elverlingsen
2018-01-07,4,1,0.7,5.8,1,1,59,No moonrise,12:41 PM,09:33 AM,05:39 PM,0,-2,2,-2,24,81,82,0.8,1024,4,9,58,17,Elverlingsen
2018-01-08,4,1,0,5.8,2,2,52,12:41 AM,01:05 PM,09:32 AM,05:41 PM,-1,-2,2,-2,23,41,81,0,1025,4,10,88,15,Elverlingsen
2018-01-09,5,2,0,5.8,2,2,45,01:51 AM,01:28 PM,09:32 AM,05:42 PM,2,1,4,1,17,41,88,0,1014,5,10,132,10,Elverlingsen
2018-01-10,8,4,0,5.8,3,3,38,02:59 AM,01:51 PM,09:31 AM,05:43 PM,4,3,6,3,16,52,89,0,1011,8,9,163,10,Elverlingsen
2018-01-11,7,3,0,2,1,1,30,04:04 AM,02:16 PM,09:30 AM,05:45 PM,4,5,5,5,6,81,93,0.2,1017,7,6,154,3,Elverlingsen
2018-01-12,5,2,0,2,1,1,23,05:08 AM,02:45 PM,09:30 AM,05:46 PM,3,4,4,4,3,91,94,0,1026,5,6,114,2,Elverlingsen
2018-01-13,5,1,0,3.9,2,2,16,06:10 AM,03:17 PM,09:29 AM,05:48 PM,1,1,4,1,13,61,85,0,1026,5,9,117,9,Elverlingsen
2018-01-14,3,0,0,5.8,2,2,9,07:08 AM,03:55 PM,09:28 AM,05:49 PM,-2,-2,1,-2,16,14,79,0,1023,3,10,131,11,Elverlingsen
2018-01-15,5,0,0,2.1,1,1,1,08:01 AM,04:39 PM,09:28 AM,05:51 PM,-1,-2,3,-2,31,60,79,4.6,1009,5,10,180,20,Elverlingsen
2018-01-16,6,1,1.1,3.9,2,2,0,08:48 AM,05:31 PM,09:27 AM,05:52 PM,1,0,4,0,27,71,83,3.3,994,6,9,251,18,Elverlingsen
2018-01-17,2,0,4.2,2.1,1,1,0,09:30 AM,06:26 PM,09:26 AM,05:54 PM,-1,-3,1,-3,29,95,84,4.9,1000,2,8,256,20,Elverlingsen
2018-01-18,7,1,0.5,2.1,1,1,6,10:05 AM,07:28 PM,09:25 AM,05:55 PM,1,-1,3,-1,33,88,84,4,999,7,8,240,22,Elverlingsen
2018-01-19,3,0,3.4,3.9,1,1,13,10:36 AM,08:31 PM,09:24 AM,05:57 PM,0,-2,1,-2,18,83,90,4,1008,3,7,240,12,Elverlingsen
2018-01-20,2,0,1.4,2.1,1,1,20,11:03 AM,09:37 PM,09:23 AM,05:58 PM,0,-1,1,-1,13,88,92,1.7,1006,2,8,202,9,Elverlingsen
2018-01-21,2,0,0.2,5.1,1,1,28,11:27 AM,10:44 PM,09:22 AM,06:00 PM,0,-2,1,-2,14,84,89,0.2,1013,2,8,254,9,Elverlingsen
2018-01-22,5,1,0.4,3.3,1,1,35,11:50 AM,11:53 PM,09:21 AM,06:02 PM,2,0,3,0,19,91,91,0.9,1010,5,7,224,12,Elverlingsen
2018-01-23,7,4,0,5.1,3,3,42,12:13 PM,No moonset,09:19 AM,06:03 PM,4,3,5,3,20,83,89,0,1021,7,7,221,13,Elverlingsen
2018-01-24,11,8,0,3.3,2,2,49,12:37 PM,01:04 AM,09:18 AM,06:05 PM,7,7,9,7,30,90,86,0,1017,11,10,205,19,Elverlingsen
2018-01-25,10,6,0,3.3,2,2,57,01:03 PM,02:16 AM,09:17 AM,06:07 PM,6,6,8,6,15,88,88,3.3,1013,10,9,212,10,Elverlingsen
2018-01-26,7,3,0,6.9,1,1,64,01:35 PM,03:31 AM,09:16 AM,06:08 PM,4,5,5,5,6,73,92,0.1,1019,7,6,246,4,Elverlingsen
2018-01-27,6,2,0,6.9,2,2,71,02:12 PM,04:46 AM,09:14 AM,06:10 PM,2,2,4,2,14,44,87,0,1030,6,7,202,9,Elverlingsen
2018-01-28,8,4,0,3.4,2,2,78,02:59 PM,06:00 AM,09:13 AM,06:12 PM,4,3,7,3,26,100,86,0.1,1030,8,10,235,17,Elverlingsen
2018-01-29,9,7,0,3.4,2,2,86,03:57 PM,07:10 AM,09:12 AM,06:14 PM,6,5,8,5,30,90,85,2.3,1026,9,8,248,20,Elverlingsen
2018-01-30,6,2,0,8.7,2,2,93,05:06 PM,08:10 AM,09:10 AM,06:15 PM,2,2,4,2,13,29,85,0,1028,6,10,231,9,Elverlingsen
2018-01-31,8,4,0,3.4,2,2,97,06:22 PM,09:00 AM,09:09 AM,06:17 PM,4,3,6,3,29,98,86,6.2,1008,8,9,222,19,Elverlingsen
2018-02-01,4,0,0.9,5.2,2,2,88,07:43 PM,09:40 AM,09:07 AM,06:19 PM,-1,-2,2,-2,20,45,81,1,1001,4,9,227,14,Elverlingsen
2018-02-02,3,0,1.3,3.4,1,1,81,09:02 PM,10:13 AM,09:05 AM,06:21 PM,0,-2,2,-2,18,87,89,1.5,1004,3,7,244,12,Elverlingsen
2018-02-03,3,0,0.5,6.9,1,1,73,10:18 PM,10:42 AM,09:04 AM,06:23 PM,-1,0,2,0,9,77,82,0.6,1007,3,8,251,7,Elverlingsen
2018-02-04,0,-3,0,5.2,2,2,66,11:32 PM,11:07 AM,09:02 AM,06:24 PM,-5,-5,-1,-5,13,65,77,0,1018,0,10,25,10,Elverlingsen
2018-02-05,2,-3,0,8.7,2,2,58,No moonrise,11:31 AM,09:01 AM,06:26 PM,-6,-5,-1,-5,17,9,71,0,1026,2,10,82,12,Elverlingsen
2018-02-06,0,-4,0,4.8,1,1,51,12:43 AM,11:55 AM,08:59 AM,06:28 PM,-6,-5,-2,-5,11,70,72,0,1017,0,10,83,8,Elverlingsen
2018-02-07,2,-4,0.1,9.7,2,2,43,01:52 AM,12:19 PM,08:57 AM,06:30 PM,-5,-3,-1,-3,8,39,77,0.1,1016,2,10,20,6,Elverlingsen
2018-02-08,0,-5,0,9.8,2,2,36,02:57 AM,12:47 PM,08:56 AM,06:32 PM,-8,-1,-1,-1,4,6,62,0,1020,0,10,241,3,Elverlingsen
2018-02-09,1,-5,0,9.8,2,2,28,04:01 AM,01:18 PM,08:54 AM,06:33 PM,-7,-5,-2,-5,13,14,69,0,1016,1,10,172,9,Elverlingsen
2018-02-10,2,-1,0,4.9,1,1,20,05:00 AM,01:54 PM,08:52 AM,06:35 PM,-1,-3,0,-3,16,96,90,0,1015,2,9,198,10,Elverlingsen
2018-02-11,4,-1,0.8,6.6,1,1,13,05:55 AM,02:36 PM,08:50 AM,06:37 PM,-2,-3,1,-3,26,73,82,0.9,1004,4,9,217,17,Elverlingsen
2018-02-12,2,-2,0.6,8.3,1,1,5,06:45 AM,03:24 PM,08:48 AM,06:39 PM,-2,-4,0,-4,19,69,83,0.7,1012,2,9,247,13,Elverlingsen
2018-02-13,3,-3,0,10,2,2,0,07:29 AM,04:19 PM,08:46 AM,06:41 PM,-4,-4,0,-4,17,4,78,0,1015,3,10,166,11,Elverlingsen
2018-02-14,3,-4,0,10,2,2,0,08:06 AM,05:19 PM,08:45 AM,06:43 PM,-5,-4,0,-4,20,9,68,0,1017,3,10,145,14,Elverlingsen
2018-02-15,3,0,0.6,5,1,1,0,08:38 AM,06:22 PM,08:43 AM,06:44 PM,-2,-3,1,-3,26,98,79,1.1,1015,3,6,179,17,Elverlingsen
2018-02-16,5,0,0,10.1,2,2,2,09:07 AM,07:28 PM,08:41 AM,06:46 PM,0,1,2,1,11,53,86,0,1025,5,6,222,7,Elverlingsen
2018-02-17,4,-1,0,6.7,1,1,10,09:32 AM,08:35 PM,08:39 AM,06:48 PM,-2,-1,1,-1,11,58,78,0,1025,4,10,99,7,Elverlingsen
2018-02-18,5,-3,0,10,2,2,17,09:56 AM,09:45 PM,08:37 AM,06:50 PM,-2,-1,2,-1,11,17,78,0,1027,5,10,158,8,Elverlingsen
2018-02-19,3,-2,0,10,2,2,25,10:18 AM,10:55 PM,08:35 AM,06:52 PM,-3,-1,1,-1,8,46,75,0,1021,3,10,156,5,Elverlingsen
2018-02-20,4,-3,0,10.2,2,2,32,10:42 AM,No moonset,08:33 AM,06:54 PM,-3,-1,1,-1,9,17,74,0,1019,4,10,67,6,Elverlingsen
2018-02-21,3,-3,0,10.2,2,2,40,11:07 AM,12:06 AM,08:31 AM,06:55 PM,-4,-3,0,-3,14,4,74,0,1024,3,10,49,10,Elverlingsen
2018-02-22,2,-3,0,10.3,2,2,47,11:36 AM,01:19 AM,08:29 AM,06:57 PM,-6,-5,-1,-5,19,5,66,0,1024,2,10,65,14,Elverlingsen
2018-02-23,1,-4,0,10.3,2,2,55,12:10 PM,02:33 AM,08:27 AM,06:59 PM,-9,-6,-1,-6,19,4,56,0,1023,1,10,68,14,Elverlingsen
2018-02-24,1,-4,0,10.8,2,2,62,12:52 PM,03:45 AM,08:25 AM,07:01 PM,-14,-7,-2,-7,26,13,41,0,1026,1,10,79,18,Elverlingsen
2018-02-25,-2,-6,0,10.1,2,2,70,01:43 PM,04:54 AM,08:23 AM,07:03 PM,-16,-10,-4,-10,21,31,38,0,1030,-2,10,74,16,Elverlingsen
2018-02-26,-3,-7,0.1,5.4,1,1,77,02:45 PM,05:56 AM,08:21 AM,07:04 PM,-11,-11,-5,-11,20,70,61,0.1,1028,-3,10,46,16,Elverlingsen
2018-02-27,-3,-9,0,10.9,2,2,85,03:56 PM,06:49 AM,08:18 AM,07:06 PM,-15,-11,-6,-11,17,20,49,0,1022,-3,10,56,13,Elverlingsen
2018-02-28,-5,-10,0,10.9,2,2,93,05:13 PM,07:33 AM,08:16 AM,07:08 PM,-18,-14,-8,-14,23,11,45,0,1022,-5,10,90,18,Elverlingsen
2018-03-01,-2,-9,0,11,2,2,96,06:32 PM,08:08 AM,08:14 AM,07:10 PM,-16,-13,-6,-13,29,40,43,0,1011,-2,10,93,22,Elverlingsen
2018-03-02,-1,-7,0,10.1,2,2,100,07:51 PM,08:39 AM,08:12 AM,07:11 PM,-16,-10,-4,-10,21,44,39,0,1001,-1,10,95,16,Elverlingsen
2018-03-03,1,-4,1.5,10.1,2,2,89,09:07 PM,09:06 AM,08:10 AM,07:13 PM,-6,-6,-2,-6,15,57,78,1.7,1000,1,8,117,11,Elverlingsen
2018-03-04,8,-2,0.1,10.1,2,2,82,10:21 PM,09:31 AM,08:08 AM,07:15 PM,1,0,3,0,18,58,82,0.2,998,8,10,143,11,Elverlingsen
2018-03-05,9,2,0,10.1,3,3,74,11:33 PM,09:55 AM,08:06 AM,07:17 PM,3,3,5,3,17,39,87,0,996,9,8,168,10,Elverlingsen
2018-03-06,11,2,0,11.1,3,3,67,No moonrise,10:19 AM,08:04 AM,07:18 PM,3,5,6,5,11,33,82,0.1,992,11,10,201,6,Elverlingsen
2018-03-07,8,2,0,7.1,2,2,60,12:41 AM,10:46 AM,08:01 AM,07:20 PM,3,4,6,4,11,75,85,1.5,995,8,8,212,8,Elverlingsen
2018-03-08,8,1,0,8.7,2,2,53,01:48 AM,11:17 AM,07:59 AM,07:22 PM,1,1,4,1,24,63,82,0,1002,8,10,219,17,Elverlingsen
2018-03-09,8,0,0,8.7,2,2,45,02:50 AM,11:51 AM,07:57 AM,07:24 PM,2,2,5,2,16,48,82,0.9,1007,8,10,196,10,Elverlingsen
2018-03-10,14,7,0,10.2,3,3,38,03:47 AM,12:30 PM,07:55 AM,07:25 PM,8,8,10,8,18,71,87,0.5,1002,14,7,180,12,Elverlingsen
2018-03-11,13,7,0,8.7,4,4,31,04:39 AM,01:17 PM,07:53 AM,07:27 PM,8,9,10,9,17,52,87,0,997,13,6,158,11,Elverlingsen
2018-03-12,13,7,0,7.3,2,2,24,05:25 AM,02:09 PM,07:50 AM,07:29 PM,7,8,9,8,15,79,84,0.6,994,13,6,198,10,Elverlingsen
2018-03-13,8,3,0,5.9,2,2,16,06:05 AM,03:07 PM,07:48 AM,07:31 PM,4,3,6,3,21,100,87,1.7,1002,8,8,251,15,Elverlingsen
2018-03-14,9,2,0,10.2,2,2,9,06:39 AM,04:09 PM,07:46 AM,07:32 PM,2,4,6,4,10,52,80,0,1011,9,9,202,7,Elverlingsen
2018-03-15,11,2,0,11.6,3,3,2,07:09 AM,05:14 PM,07:44 AM,07:34 PM,0,3,6,3,23,27,67,1,1001,11,10,116,16,Elverlingsen
2018-03-16,7,0,0,6,1,1,0,07:35 AM,06:22 PM,07:42 AM,07:36 PM,2,2,4,2,12,100,87,1.1,1003,7,9,84,9,Elverlingsen
2018-03-17,-1,-4,0,6,1,1,0,07:59 AM,07:32 PM,07:39 AM,07:37 PM,-8,-9,-3,-9,28,94,67,0,1007,-1,10,75,22,Elverlingsen
2018-03-18,0,-5,0.2,11.6,2,2,5,08:22 AM,08:43 PM,07:37 AM,07:39 PM,-11,-9,-3,-9,26,64,57,0.2,1010,0,10,77,20,Elverlingsen
2018-03-19,2,-6,0,11.6,2,2,13,08:46 AM,09:56 PM,07:35 AM,07:41 PM,-11,-7,-2,-7,17,14,50,0,1014,2,10,65,12,Elverlingsen
2018-03-20,5,-4,0.1,10.2,2,2,20,09:11 AM,11:10 PM,07:33 AM,07:42 PM,-7,-3,1,-3,16,30,59,0.2,1020,5,9,164,11,Elverlingsen
2018-03-21,5,-3,0,10.2,2,2,27,09:39 AM,No moonset,07:30 AM,07:44 PM,-4,0,1,0,9,19,69,0,1028,5,10,210,6,Elverlingsen
2018-03-22,4,0,0.9,6.1,1,1,34,10:11 AM,12:24 AM,07:28 AM,07:46 PM,1,-1,3,-1,18,98,89,1.4,1017,4,7,252,12,Elverlingsen
2018-03-23,7,2,0,6.1,1,1,42,10:50 AM,01:38 AM,07:26 AM,07:47 PM,3,3,5,3,11,81,89,0,1008,7,6,222,7,Elverlingsen
2018-03-24,10,0,0,10.2,1,1,49,11:37 AM,02:47 AM,07:23 AM,07:49 PM,1,4,5,4,12,31,75,0,1003,10,10,124,7,Elverlingsen
2018-03-25,10,2,0,8.9,3,3,56,12:34 PM,03:50 AM,07:21 AM,07:51 PM,2,6,7,6,7,37,70,0,1008,10,10,145,5,Elverlingsen
2018-03-26,9,4,0,10.2,3,3,63,01:41 PM,04:44 AM,07:19 AM,07:52 PM,1,5,6,5,8,59,71,0.3,1015,9,10,189,6,Elverlingsen
2018-03-27,9,1,0,7.5,2,2,71,02:53 PM,05:30 AM,07:17 AM,07:54 PM,1,4,6,4,13,55,73,1.9,1012,9,9,174,9,Elverlingsen
2018-03-28,9,5,0,6.2,2,2,78,04:09 PM,06:07 AM,07:14 AM,07:56 PM,5,4,6,4,17,100,90,5.5,1002,9,8,212,12,Elverlingsen
2018-03-29,8,2,0.1,10.3,1,1,85,05:27 PM,06:38 AM,07:12 AM,07:57 PM,0,2,5,2,16,54,75,0.9,1006,8,10,222,12,Elverlingsen
2018-03-30,12,3,0,10.3,3,3,93,06:43 PM,07:06 AM,07:10 AM,07:59 PM,1,5,7,5,16,53,66,1.6,1003,12,10,140,11,Elverlingsen
2018-03-31,11,4,0,9,3,3,96,07:58 PM,07:31 AM,07:07 AM,08:00 PM,3,7,7,7,7,39,75,0.1,1000,11,10,237,5,Elverlingsen
2018-04-01,7,3,0,6.5,1,1,89,09:12 PM,07:55 AM,07:05 AM,08:02 PM,3,3,5,3,10,91,87,1.3,1008,7,9,267,7,Elverlingsen
2018-04-02,13,2,0,9.1,2,2,81,10:22 PM,08:19 AM,07:03 AM,08:04 PM,3,5,7,5,17,74,74,0.4,1009,13,8,181,12,Elverlingsen
2018-04-03,16,9,0,10.3,4,4,74,11:31 PM,08:45 AM,07:01 AM,08:05 PM,8,10,12,10,20,59,78,1.4,1002,16,10,191,14,Elverlingsen
2018-04-04,13,8,0,9.2,4,4,66,No moonrise,09:14 AM,06:58 AM,08:07 PM,8,9,10,9,21,58,84,0,1002,13,10,197,14,Elverlingsen
2018-04-05,8,2,0,8,2,2,59,12:36 AM,09:46 AM,06:56 AM,08:09 PM,3,4,6,4,21,75,81,0.8,1012,8,10,254,15,Elverlingsen
2018-04-06,13,1,0,11.6,3,3,51,01:37 AM,10:24 AM,06:54 AM,08:10 PM,-1,5,7,5,18,12,60,0,1021,13,10,128,12,Elverlingsen
2018-04-07,20,7,0,11.6,4,4,44,02:32 AM,11:08 AM,06:52 AM,08:12 PM,5,12,13,12,23,5,58,0,1012,20,10,150,14,Elverlingsen
2018-04-08,23,10,0,11.6,5,5,36,03:21 AM,11:58 AM,06:49 AM,08:14 PM,9,17,17,17,11,21,60,0,1008,23,10,148,6,Elverlingsen
2018-04-09,22,12,0,11.6,5,5,28,04:03 AM,12:53 PM,06:47 AM,08:15 PM,9,17,18,17,9,28,62,0,1004,22,10,112,6,Elverlingsen
2018-04-10,20,11,0,9.2,4,4,21,04:39 AM,01:54 PM,06:45 AM,08:17 PM,10,15,15,15,8,55,72,3.9,1004,20,10,178,5,Elverlingsen
2018-04-11,14,10,0,9.2,3,3,13,05:10 AM,02:58 PM,06:43 AM,08:18 PM,10,12,12,12,8,65,85,1,1007,14,9,179,6,Elverlingsen
2018-04-12,18,9,0,9.2,3,3,6,05:37 AM,04:04 PM,06:41 AM,08:20 PM,10,12,13,12,13,47,81,3.3,1002,18,8,97,8,Elverlingsen
2018-04-13,13,9,0,6.9,3,3,0,06:02 AM,05:14 PM,06:38 AM,08:22 PM,8,11,12,11,11,65,81,1,1007,13,9,241,7,Elverlingsen
2018-04-14,17,8,0,10.4,4,4,0,06:25 AM,06:25 PM,06:36 AM,08:23 PM,9,12,13,12,10,39,79,0.6,1018,17,10,179,7,Elverlingsen
2018-04-15,19,10,0,11.6,4,4,0,06:48 AM,07:39 PM,06:34 AM,08:25 PM,9,14,14,14,7,53,74,0,1014,19,9,181,5,Elverlingsen
2018-04-16,17,9,0,11.6,4,4,1,07:13 AM,08:54 PM,06:32 AM,08:27 PM,8,14,13,14,9,27,70,0,1015,17,10,236,7,Elverlingsen
2018-04-17,20,8,0,11.6,4,4,9,07:39 AM,10:10 PM,06:30 AM,08:28 PM,7,15,15,15,8,14,64,0,1025,20,10,152,5,Elverlingsen
2018-04-18,24,11,0,11.6,5,5,17,08:10 AM,11:27 PM,06:28 AM,08:30 PM,9,20,20,20,9,3,53,0,1030,24,10,125,5,Elverlingsen
2018-04-19,27,14,0,11.6,5,5,24,08:47 AM,No moonset,06:26 AM,08:32 PM,10,21,21,21,17,1,52,0,1028,27,10,123,10,Elverlingsen
2018-04-20,27,14,0,11.6,6,6,32,09:33 AM,12:39 AM,06:24 AM,08:33 PM,11,22,22,22,11,4,52,0,1023,27,10,224,6,Elverlingsen
2018-04-21,23,14,0,11.6,5,5,39,10:27 AM,01:46 AM,06:21 AM,08:35 PM,13,19,20,19,10,6,68,0,1021,23,10,155,7,Elverlingsen
2018-04-22,26,14,0,11.6,5,5,47,11:32 AM,02:43 AM,06:19 AM,08:37 PM,12,19,20,19,14,20,64,1.5,1014,26,10,173,9,Elverlingsen
2018-04-23,18,11,0,11.6,4,4,54,12:42 PM,03:31 AM,06:17 AM,08:38 PM,9,15,15,15,16,24,69,0.4,1014,18,10,257,12,Elverlingsen
2018-04-24,14,8,0,8.2,4,4,62,01:56 PM,04:10 AM,06:15 AM,08:40 PM,8,11,12,11,15,60,76,0.1,1016,14,10,233,11,Elverlingsen
2018-04-25,14,8,0,9.4,3,3,69,03:12 PM,04:42 AM,06:13 AM,08:42 PM,7,10,12,10,22,63,75,0.5,1011,14,10,249,15,Elverlingsen
2018-04-26,13,7,0,10.5,3,3,77,04:27 PM,05:10 AM,06:11 AM,08:43 PM,4,7,9,7,22,50,71,0,1016,13,10,244,16,Elverlingsen
2018-04-27,17,5,0,11.6,4,4,85,05:41 PM,05:34 AM,06:10 AM,08:45 PM,4,11,11,11,13,21,61,0,1013,17,10,161,9,Elverlingsen
2018-04-28,16,10,0,8.3,3,3,92,06:54 PM,05:58 AM,06:08 AM,08:47 PM,7,12,13,12,15,61,70,0.1,1011,16,10,219,11,Elverlingsen
2018-04-29,23,8,0,11.6,4,4,100,08:05 PM,06:21 AM,06:06 AM,08:48 PM,10,15,16,15,12,31,71,0,1007,23,10,114,8,Elverlingsen
2018-04-30,14,8,0,10.5,4,4,100,09:15 PM,06:45 AM,06:04 AM,08:50 PM,7,10,12,10,26,76,73,1.1,1000,14,9,182,20,Elverlingsen
2018-05-01,13,5,0,10.5,2,2,89,10:22 PM,07:12 AM,06:02 AM,08:52 PM,1,6,8,6,24,58,63,0.4,1010,13,10,225,19,Elverlingsen
2018-05-02,17,4,0,14.5,4,4,82,11:26 PM,07:43 AM,06:00 AM,08:53 PM,3,11,12,11,13,7,60,0,1013,17,10,173,9,Elverlingsen
2018-05-03,15,7,0,12.4,4,4,75,No moonrise,08:18 AM,05:58 AM,08:55 PM,4,11,12,11,12,34,62,0,1017,15,10,246,9,Elverlingsen
2018-05-04,18,6,0,14.5,4,4,68,12:24 AM,09:00 AM,05:57 AM,08:56 PM,6,13,13,13,14,6,64,0,1022,18,10,54,10,Elverlingsen
2018-05-05,21,8,0,14.5,4,4,60,01:16 AM,09:48 AM,05:55 AM,08:58 PM,7,14,15,14,18,1,62,0,1024,21,10,70,12,Elverlingsen
2018-05-06,23,10,0,15.5,5,5,53,02:01 AM,10:41 AM,05:53 AM,09:00 PM,8,17,18,17,16,0,55,0,1023,23,10,93,11,Elverlingsen
2018-05-07,24,11,0,15.5,5,5,46,02:39 AM,11:40 AM,05:51 AM,09:01 PM,10,19,20,19,15,0,57,0,1019,24,10,100,10,Elverlingsen
2018-05-08,25,13,0,15.5,5,5,39,03:12 AM,12:41 PM,05:50 AM,09:03 PM,11,20,21,20,14,2,56,0,1012,25,10,115,10,Elverlingsen
2018-05-09,25,15,0,15.6,5,5,31,03:40 AM,01:47 PM,05:48 AM,09:04 PM,12,20,20,20,14,17,62,0.3,1007,25,10,112,8,Elverlingsen
2018-05-10,15,10,0,14.6,3,3,24,04:04 AM,02:54 PM,05:46 AM,09:06 PM,10,13,14,13,15,48,81,3.7,1011,15,10,274,11,Elverlingsen
2018-05-11,18,8,0,15.5,4,4,17,04:27 AM,04:03 PM,05:45 AM,09:08 PM,8,14,14,14,7,55,71,0.1,1019,18,10,162,5,Elverlingsen
2018-05-12,23,10,0,15.7,5,5,9,04:50 AM,05:16 PM,05:43 AM,09:09 PM,10,18,18,18,11,14,61,0,1015,23,10,114,6,Elverlingsen
2018-05-13,18,13,0,12.7,5,5,2,05:13 AM,06:30 PM,05:42 AM,09:11 PM,13,16,16,16,12,65,86,4,1011,18,10,250,9,Elverlingsen
2018-05-14,23,13,0,15.7,5,5,0,05:39 AM,07:47 PM,05:40 AM,09:12 PM,12,18,18,18,16,39,72,0.4,1011,23,8,123,11,Elverlingsen
2018-05-15,21,12,0,15.8,5,5,0,06:07 AM,09:06 PM,05:39 AM,09:14 PM,10,17,17,17,18,26,66,1.1,1014,21,10,58,12,Elverlingsen
2018-05-16,19,12,0,15.5,4,4,5,06:42 AM,10:23 PM,05:37 AM,09:15 PM,11,15,15,15,13,56,77,2.7,1015,19,10,103,10,Elverlingsen
2018-05-17,17,8,0,15.8,4,4,12,07:25 AM,11:35 PM,05:36 AM,09:17 PM,6,11,12,11,15,44,72,0,1020,17,10,333,12,Elverlingsen
2018-05-18,16,7,0,15.8,4,4,19,08:17 AM,No moonset,05:35 AM,09:18 PM,5,11,11,11,11,40,69,0,1022,16,10,289,8,Elverlingsen
2018-05-19,16,6,0,15.6,3,3,27,09:20 AM,12:38 AM,05:33 AM,09:20 PM,7,12,12,12,7,43,73,0,1023,16,10,74,5,Elverlingsen
2018-05-20,22,8,0,15.9,5,5,34,10:30 AM,01:31 AM,05:32 AM,09:21 PM,10,16,17,16,13,9,69,0.1,1022,22,10,78,9,Elverlingsen
2018-05-21,23,11,0,15.9,5,5,41,11:46 AM,02:13 AM,05:31 AM,09:22 PM,10,18,18,18,21,20,63,0.4,1016,23,10,93,14,Elverlingsen
2018-05-22,23,14,0,16,5,5,48,01:01 PM,02:47 AM,05:29 AM,09:24 PM,13,18,19,18,8,50,73,3.5,1013,23,9,100,6,Elverlingsen
2018-05-23,20,13,0,14.7,4,4,56,02:16 PM,03:16 AM,05:28 AM,09:25 PM,13,17,17,17,14,62,80,3.1,1019,20,10,55,9,Elverlingsen
2018-05-24,19,14,0,13.8,4,4,63,03:30 PM,03:41 AM,05:27 AM,09:26 PM,14,16,16,16,17,60,85,3.4,1019,19,10,84,11,Elverlingsen
2018-05-25,23,14,0,16,5,5,70,04:42 PM,04:04 AM,05:26 AM,09:28 PM,16,19,20,19,9,25,81,6.2,1018,23,9,109,5,Elverlingsen
2018-05-26,26,15,0,16,6,6,78,05:53 PM,04:26 AM,05:25 AM,09:29 PM,15,21,21,21,13,15,71,0,1020,26,10,99,8,Elverlingsen
2018-05-27,26,16,0,16.1,5,5,85,07:02 PM,04:49 AM,05:24 AM,09:30 PM,15,21,21,21,12,28,70,5.5,1018,26,9,111,7,Elverlingsen
2018-05-28,27,15,0,16.1,6,6,92,08:10 PM,05:15 AM,05:23 AM,09:32 PM,16,23,23,23,10,17,67,0.7,1017,27,10,65,6,Elverlingsen
2018-05-29,28,18,0,16.1,6,6,99,09:15 PM,05:43 AM,05:22 AM,09:33 PM,17,24,24,23,10,21,72,4.6,1013,28,10,136,6,Elverlingsen
2018-05-30,28,16,0,16.1,6,6,100,10:15 PM,06:16 AM,05:21 AM,09:34 PM,16,22,23,22,6,21,70,1.4,1014,28,10,154,4,Elverlingsen
2018-05-31,28,17,0,16.2,6,6,89,11:10 PM,06:55 AM,05:20 AM,09:35 PM,17,23,23,23,7,19,72,0.7,1014,28,10,187,4,Elverlingsen
2018-06-01,21,16,0,13,4,4,74,11:58 PM,07:40 AM,05:19 AM,09:36 PM,17,19,19,19,10,71,88,3.9,1016,21,10,236,7,Elverlingsen
2018-06-02,21,15,0,15.6,5,5,67,No moonrise,08:31 AM,05:18 AM,09:37 PM,14,18,18,18,12,65,81,0.9,1018,21,8,273,9,Elverlingsen
2018-06-03,24,13,0,16.2,5,5,59,12:39 AM,09:28 AM,05:18 AM,09:38 PM,14,19,20,19,6,38,73,0.3,1018,24,10,152,4,Elverlingsen
2018-06-04,25,14,0,16.2,5,5,52,01:14 AM,10:28 AM,05:17 AM,09:39 PM,15,20,21,20,11,19,72,0,1014,25,10,36,8,Elverlingsen
2018-06-05,22,13,0,16.2,5,5,44,01:43 AM,11:32 AM,05:16 AM,09:40 PM,14,19,19,19,11,17,76,0,1013,22,9,33,8,Elverlingsen
2018-06-06,28,14,0,16.3,6,6,36,02:08 AM,12:37 PM,05:16 AM,09:41 PM,15,22,23,22,11,5,67,0,1013,28,10,80,7,Elverlingsen
2018-06-07,28,17,0,16.3,6,6,29,02:31 AM,01:45 PM,05:15 AM,09:42 PM,16,24,24,23,7,31,68,4,1014,28,10,231,4,Elverlingsen
2018-06-08,23,17,0,16.3,5,5,21,02:54 AM,02:54 PM,05:15 AM,09:43 PM,17,20,22,20,8,38,83,7.1,1014,23,10,168,6,Elverlingsen
2018-06-09,27,16,0,16.3,6,6,14,03:16 AM,04:06 PM,05:14 AM,09:43 PM,17,22,23,22,6,22,74,2.1,1012,27,10,204,4,Elverlingsen
2018-06-10,24,17,0,16.3,5,5,6,03:39 AM,05:21 PM,05:14 AM,09:44 PM,17,21,22,21,8,37,79,2.3,1012,24,10,228,6,Elverlingsen
2018-06-11,22,14,0,16.3,5,5,0,04:05 AM,06:38 PM,05:14 AM,09:45 PM,13,18,19,18,14,43,74,0,1012,22,9,40,10,Elverlingsen
2018-06-12,16,12,0,14,4,4,0,04:36 AM,07:57 PM,05:13 AM,09:46 PM,11,14,14,14,13,74,82,1,1013,16,8,154,9,Elverlingsen
2018-06-13,16,10,0,14,3,3,0,05:14 AM,09:14 PM,05:13 AM,09:46 PM,8,13,13,13,11,68,73,0.4,1016,16,10,335,9,Elverlingsen
2018-06-14,21,9,0,15.7,4,4,1,06:02 AM,10:23 PM,05:13 AM,09:47 PM,9,15,15,15,11,36,69,0,1016,21,10,202,8,Elverlingsen
2018-06-15,22,13,0,16.3,5,5,9,07:02 AM,11:23 PM,05:13 AM,09:47 PM,13,18,19,18,6,55,74,0.8,1017,22,9,198,4,Elverlingsen
2018-06-16,23,15,0,15.7,5,5,16,08:11 AM,No moonset,05:13 AM,09:48 PM,13,19,20,19,10,52,71,1.3,1015,23,10,220,6,Elverlingsen
2018-06-17,18,12,0,14.8,5,5,24,09:28 AM,12:11 AM,05:13 AM,09:48 PM,10,15,16,15,15,53,72,0.3,1018,18,9,253,11,Elverlingsen
2018-06-18,20,12,0,14,4,4,31,10:46 AM,12:49 AM,05:13 AM,09:48 PM,13,16,16,16,14,84,80,0.2,1021,20,10,213,10,Elverlingsen
2018-06-19,21,14,0,12.3,4,4,39,12:04 PM,01:21 AM,05:13 AM,09:49 PM,14,17,17,17,11,72,84,0.2,1023,21,10,249,8,Elverlingsen
2018-06-20,26,14,0,16.4,6,6,46,01:20 PM,01:47 AM,05:13 AM,09:49 PM,15,21,22,21,8,30,71,0,1021,26,10,226,6,Elverlingsen
2018-06-21,18,10,0,15.7,5,5,54,02:32 PM,02:10 AM,05:13 AM,09:49 PM,10,15,16,15,22,44,71,1,1018,18,10,286,16,Elverlingsen
2018-06-22,14,8,0,13.1,3,3,61,03:44 PM,02:33 AM,05:13 AM,09:49 PM,7,9,11,9,22,85,76,1.6,1024,14,10,296,15,Elverlingsen
2018-06-23,16,7,0,14,3,3,69,04:53 PM,02:56 AM,05:14 AM,09:50 PM,8,11,12,11,15,70,78,0.2,1026,16,10,303,11,Elverlingsen
2018-06-24,16,10,0,12.3,3,3,77,06:01 PM,03:20 AM,05:14 AM,09:50 PM,9,13,13,13,8,82,78,0,1023,16,10,315,7,Elverlingsen
2018-06-25,20,12,0,14,4,4,84,07:06 PM,03:47 AM,05:14 AM,09:50 PM,12,15,15,15,11,73,80,0,1024,20,9,332,8,Elverlingsen
2018-06-26,21,11,0,16.4,5,5,92,08:08 PM,04:17 AM,05:15 AM,09:50 PM,11,16,17,16,9,23,74,0,1025,21,9,21,7,Elverlingsen
2018-06-27,24,11,0,16.3,5,5,99,09:05 PM,04:53 AM,05:15 AM,09:49 PM,12,19,20,19,14,7,67,0,1024,24,10,64,10,Elverlingsen
2018-06-28,25,14,0,16.3,5,5,100,09:55 PM,05:36 AM,05:16 AM,09:49 PM,12,20,21,20,17,8,62,0,1022,25,10,52,11,Elverlingsen
2018-06-29,26,15,0,16.3,6,6,86,10:38 PM,06:25 AM,05:16 AM,09:49 PM,14,22,22,22,14,7,64,0,1018,26,10,33,10,Elverlingsen
2018-06-30,26,15,0,16.3,6,6,78,11:16 PM,07:20 AM,05:17 AM,09:49 PM,13,21,21,21,17,2,64,0,1016,26,10,78,12,Elverlingsen
2018-07-01,23,14,0,16.3,5,5,75,11:47 PM,08:19 AM,05:18 AM,09:49 PM,8,19,19,19,22,0,51,0,1018,23,10,98,15,Elverlingsen
2018-07-02,25,13,0,16.3,5,5,68,No moonrise,09:22 AM,05:18 AM,09:48 PM,9,20,20,20,17,1,53,0,1017,25,10,79,12,Elverlingsen
2018-07-03,28,14,0,16.3,6,6,61,12:13 AM,10:25 AM,05:19 AM,09:48 PM,11,22,22,22,9,7,51,0,1017,28,10,98,5,Elverlingsen
2018-07-04,28,16,0,16.3,6,6,54,12:37 AM,11:32 AM,05:20 AM,09:47 PM,13,23,23,23,8,23,58,2.8,1014,28,10,174,5,Elverlingsen
2018-07-05,24,16,0,16.3,6,6,46,12:59 AM,12:38 PM,05:21 AM,09:47 PM,17,21,22,21,8,17,78,5.8,1014,24,10,246,5,Elverlingsen
2018-07-06,23,14,0,15.7,5,5,39,01:20 AM,01:48 PM,05:22 AM,09:46 PM,13,19,20,19,11,41,72,0,1019,23,10,254,9,Elverlingsen
2018-07-07,24,13,0,16.2,5,5,32,01:42 AM,02:59 PM,05:22 AM,09:46 PM,10,20,20,20,11,10,58,0,1023,24,10,196,8,Elverlingsen
2018-07-08,23,11,0,16.2,5,5,24,02:05 AM,04:13 PM,05:23 AM,09:45 PM,11,19,19,19,11,5,64,0,1024,23,10,183,8,Elverlingsen
2018-07-09,22,12,0,15.7,5,5,17,02:33 AM,05:30 PM,05:24 AM,09:45 PM,13,18,19,18,12,33,73,1.2,1022,22,10,226,9,Elverlingsen
2018-07-10,15,11,0,13.9,3,3,10,03:07 AM,06:46 PM,05:25 AM,09:44 PM,10,13,14,13,15,69,81,0.6,1017,15,10,299,11,Elverlingsen
2018-07-11,18,10,0,13.9,4,4,3,03:49 AM,08:00 PM,05:26 AM,09:43 PM,12,14,15,14,10,68,84,3.4,1017,18,8,250,7,Elverlingsen
2018-07-12,24,13,0,16.2,5,5,0,04:41 AM,09:06 PM,05:27 AM,09:42 PM,14,19,19,19,8,47,78,0.7,1018,24,7,291,6,Elverlingsen
2018-07-13,25,13,0,16.1,5,5,0,05:47 AM,10:01 PM,05:29 AM,09:41 PM,14,20,21,20,9,10,69,0.9,1020,25,10,189,6,Elverlingsen
2018-07-14,25,14,0,16.1,5,5,4,07:02 AM,10:45 PM,05:30 AM,09:40 PM,15,20,21,20,10,13,72,1.3,1020,25,10,166,7,Elverlingsen
2018-07-15,26,14,0,16.1,5,5,12,08:22 AM,11:21 PM,05:31 AM,09:39 PM,13,21,21,21,11,4,64,0,1017,26,10,49,8,Elverlingsen
2018-07-16,29,15,0,16.1,6,6,19,09:43 AM,11:50 PM,05:32 AM,09:38 PM,14,24,24,24,7,8,58,0,1014,29,10,132,4,Elverlingsen
2018-07-17,28,16,0,16,6,6,26,11:02 AM,No moonset,05:33 AM,09:37 PM,12,23,23,23,12,13,55,0,1015,28,10,236,8,Elverlingsen
2018-07-18,25,13,0,16,5,5,34,12:18 PM,12:15 AM,05:34 AM,09:36 PM,11,21,22,21,7,10,55,0,1019,25,10,184,5,Elverlingsen
2018-07-19,27,14,0,16,6,6,41,01:32 PM,12:38 AM,05:36 AM,09:35 PM,11,22,22,22,11,16,55,0,1018,27,10,75,7,Elverlingsen
2018-07-20,28,16,0,16,6,6,48,02:43 PM,01:01 AM,05:37 AM,09:34 PM,12,23,23,23,9,31,53,0,1014,28,10,222,5,Elverlingsen
2018-07-21,28,16,0,16,6,6,55,03:52 PM,01:25 AM,05:38 AM,09:33 PM,12,23,23,23,5,28,53,0.1,1011,28,10,231,3,Elverlingsen
2018-07-22,25,16,0,15.9,6,6,63,04:58 PM,01:51 AM,05:40 AM,09:31 PM,14,21,22,21,10,36,66,0.2,1014,25,10,270,7,Elverlingsen
2018-07-23,27,16,0,15.9,6,6,70,06:01 PM,02:20 AM,05:41 AM,09:30 PM,14,23,23,23,6,14,61,0,1017,27,10,221,5,Elverlingsen
2018-07-24,31,18,0,15.9,6,6,77,06:59 PM,02:54 AM,05:42 AM,09:29 PM,16,27,27,26,7,15,56,0,1015,31,10,91,4,Elverlingsen
2018-07-25,32,21,0,15.8,7,7,84,07:52 PM,03:35 AM,05:44 AM,09:27 PM,17,28,28,26,8,26,59,0,1015,32,10,123,5,Elverlingsen
2018-07-26,33,21,0,15.8,7,7,92,08:37 PM,04:21 AM,05:45 AM,09:26 PM,17,29,29,27,14,16,57,0,1015,33,10,91,8,Elverlingsen
2018-07-27,32,21,0,15.8,7,7,99,09:17 PM,05:14 AM,05:46 AM,09:25 PM,15,28,28,28,17,4,46,0,1012,32,10,99,10,Elverlingsen
2018-07-28,27,18,0,15.8,6,6,100,09:50 PM,06:11 AM,05:48 AM,09:23 PM,17,25,25,24,14,17,67,2.2,1009,27,10,233,9,Elverlingsen
2018-07-29,28,16,0,15.7,6,6,86,10:17 PM,07:13 AM,05:49 AM,09:22 PM,14,22,23,22,14,32,62,0,1014,28,10,157,10,Elverlingsen
2018-07-30,30,19,0,15.7,6,6,79,10:42 PM,08:17 AM,05:51 AM,09:20 PM,16,26,26,26,7,17,57,0,1015,30,10,190,5,Elverlingsen
2018-07-31,30,20,0,15.7,6,6,75,11:05 PM,09:23 AM,05:52 AM,09:18 PM,16,27,27,25,10,22,58,0.1,1016,30,10,243,7,Elverlingsen
2018-08-01,28,18,0,15.6,6,6,65,11:26 PM,10:29 AM,05:54 AM,09:17 PM,15,24,24,23,9,25,62,0.3,1021,28,10,49,6,Elverlingsen
2018-08-02,31,18,0,15.6,6,6,57,11:47 PM,11:37 AM,05:55 AM,09:15 PM,16,26,26,25,9,15,60,0,1022,31,10,119,5,Elverlingsen
2018-08-03,33,21,0,15.6,7,7,50,No moonrise,12:45 PM,05:57 AM,09:13 PM,17,29,29,28,9,8,56,0,1021,33,10,49,6,Elverlingsen
2018-08-04,30,20,0,15.5,6,6,43,12:09 AM,01:57 PM,05:58 AM,09:12 PM,16,27,27,26,13,8,56,0,1019,30,10,190,9,Elverlingsen
2018-08-05,26,18,0,15.1,6,6,36,12:34 AM,03:10 PM,06:00 AM,09:10 PM,14,22,22,22,12,25,66,0.2,1022,26,10,58,9,Elverlingsen
2018-08-06,31,15,0,14.5,6,6,28,01:04 AM,04:24 PM,06:01 AM,09:08 PM,12,25,25,25,10,7,49,0,1016,31,10,120,6,Elverlingsen
2018-08-07,34,20,0,14.5,7,7,21,01:40 AM,05:38 PM,06:03 AM,09:06 PM,14,29,29,28,11,4,44,0,1010,34,10,165,8,Elverlingsen
2018-08-08,25,18,0,12.5,6,6,14,02:26 AM,06:46 PM,06:04 AM,09:05 PM,17,25,25,23,16,43,69,0.4,1012,25,10,234,11,Elverlingsen
2018-08-09,28,17,0,12.4,5,5,6,03:24 AM,07:46 PM,06:06 AM,09:03 PM,16,21,22,21,21,49,72,2.5,1013,28,10,137,14,Elverlingsen
2018-08-10,22,14,0,14.5,5,5,0,04:33 AM,08:35 PM,06:07 AM,09:01 PM,8,17,18,17,20,35,57,0,1021,22,10,230,15,Elverlingsen
2018-08-11,21,14,0,11.6,5,5,0,05:52 AM,09:15 PM,06:09 AM,08:59 PM,8,16,17,16,15,27,57,0.1,1022,21,10,259,11,Elverlingsen
2018-08-12,25,12,0,11.6,5,5,1,07:14 AM,09:48 PM,06:10 AM,08:57 PM,8,19,20,19,11,14,51,0,1016,25,10,166,7,Elverlingsen
2018-08-13,21,15,0,10.5,4,4,8,08:36 AM,10:15 PM,06:12 AM,08:55 PM,13,18,18,18,16,40,72,4.3,1008,21,10,192,10,Elverlingsen
2018-08-14,23,15,0,7.2,4,4,15,09:56 AM,10:40 PM,06:13 AM,08:53 PM,14,18,18,18,18,78,81,0.5,1014,23,9,261,12,Elverlingsen
2018-08-15,23,14,0,9.4,5,5,22,11:14 AM,11:04 PM,06:15 AM,08:51 PM,14,19,20,19,9,53,73,0.1,1019,23,10,228,7,Elverlingsen
2018-08-16,27,15,0,11.6,6,6,30,12:28 PM,11:28 PM,06:16 AM,08:49 PM,14,22,22,22,9,5,63,0,1016,27,10,200,6,Elverlingsen
2018-08-17,22,15,0,10.5,5,5,37,01:40 PM,11:54 PM,06:18 AM,08:47 PM,13,19,20,19,10,28,70,0.1,1017,22,10,223,8,Elverlingsen
2018-08-18,24,13,0,11.6,5,5,44,02:48 PM,No moonset,06:20 AM,08:45 PM,11,19,20,19,7,7,59,0,1022,24,10,240,5,Elverlingsen
2018-08-19,25,14,0,11.6,5,5,51,03:53 PM,12:22 AM,06:21 AM,08:43 PM,14,21,21,21,9,5,66,0,1021,25,10,214,7,Elverlingsen
2018-08-20,22,17,0,8.2,4,4,59,04:53 PM,12:54 AM,06:23 AM,08:41 PM,16,20,20,20,10,65,79,0.5,1020,22,10,281,7,Elverlingsen
2018-08-21,25,16,0,11.6,5,5,66,05:48 PM,01:33 AM,06:24 AM,08:39 PM,16,21,22,21,7,36,74,0.6,1020,25,10,77,5,Elverlingsen
2018-08-22,29,17,0,10.5,6,6,73,06:36 PM,02:17 AM,06:26 AM,08:37 PM,15,23,23,23,10,39,64,0,1017,29,10,212,6,Elverlingsen
2018-08-23,27,17,0,11.6,6,6,81,07:17 PM,03:08 AM,06:27 AM,08:35 PM,16,22,23,22,10,12,68,0.6,1013,27,10,228,7,Elverlingsen
2018-08-24,19,14,0,11.6,5,5,88,07:52 PM,04:04 AM,06:29 AM,08:33 PM,10,17,17,17,18,58,68,0.8,1012,19,10,256,13,Elverlingsen
2018-08-25,17,10,0,11.6,3,3,95,08:21 PM,05:05 AM,06:31 AM,08:30 PM,8,12,13,12,19,52,70,1.2,1012,17,10,247,14,Elverlingsen
2018-08-26,19,8,0,10.4,4,4,100,08:47 PM,06:09 AM,06:32 AM,08:28 PM,7,14,14,14,13,26,64,0,1016,19,10,210,9,Elverlingsen
2018-08-27,19,12,0,7,4,4,100,09:10 PM,07:14 AM,06:34 AM,08:26 PM,10,15,15,15,21,81,71,0.5,1013,19,10,227,15,Elverlingsen
2018-08-28,23,12,0,11.6,5,5,83,09:32 PM,08:20 AM,06:35 AM,08:24 PM,12,19,19,19,8,14,67,0,1019,23,10,165,5,Elverlingsen
2018-08-29,26,14,0,11.6,5,5,76,09:52 PM,09:28 AM,06:37 AM,08:22 PM,13,20,20,20,8,24,65,0,1014,26,10,163,6,Elverlingsen
2018-08-30,20,12,0,10.4,5,5,69,10:14 PM,10:37 AM,06:39 AM,08:20 PM,11,15,16,15,17,60,75,1.2,1019,20,10,263,12,Elverlingsen
2018-08-31,18,11,0,9.2,4,4,65,10:38 PM,11:47 AM,06:40 AM,08:17 PM,9,14,14,14,9,58,70,0.2,1023,18,10,31,7,Elverlingsen
2018-09-01,19,9,0,11.6,4,4,48,11:05 PM,12:58 PM,06:42 AM,08:15 PM,8,15,15,15,11,9,64,0,1026,19,10,34,8,Elverlingsen
2018-09-02,21,11,0,9.2,5,5,41,11:38 PM,02:11 PM,06:43 AM,08:13 PM,11,17,17,17,15,40,69,0,1024,21,10,58,11,Elverlingsen
2018-09-03,21,13,0,8,5,5,33,No moonrise,03:23 PM,06:45 AM,08:11 PM,14,18,18,18,7,65,83,0.4,1018,21,10,43,5,Elverlingsen
2018-09-04,24,15,0,11.6,5,5,26,12:18 AM,04:31 PM,06:46 AM,08:09 PM,16,20,20,20,7,26,78,2.3,1016,24,10,99,4,Elverlingsen
2018-09-05,27,16,0,11.6,6,6,18,01:09 AM,05:33 PM,06:48 AM,08:06 PM,15,22,22,22,9,12,69,0.9,1017,27,10,62,5,Elverlingsen
2018-09-06,21,15,0,9.2,5,5,11,02:11 AM,06:25 PM,06:50 AM,08:04 PM,14,18,18,18,7,49,79,2.3,1013,21,10,283,5,Elverlingsen
2018-09-07,18,11,0,9.2,3,3,3,03:24 AM,07:08 PM,06:51 AM,08:02 PM,10,15,15,15,14,47,76,0.7,1014,18,10,251,10,Elverlingsen
2018-09-08,19,9,0,9.2,4,4,0,04:43 AM,07:44 PM,06:53 AM,08:00 PM,7,14,14,14,12,44,64,0,1020,19,10,218,8,Elverlingsen
2018-09-09,22,13,0,10.3,5,5,0,06:06 AM,08:13 PM,06:54 AM,07:58 PM,9,17,18,17,10,38,60,0,1021,22,10,187,6,Elverlingsen
2018-09-10,21,14,0,9,5,5,0,07:28 AM,08:39 PM,06:56 AM,07:55 PM,11,17,17,17,10,43,69,0,1022,21,10,229,7,Elverlingsen
2018-09-11,24,14,0,11.6,5,5,4,08:47 AM,09:04 PM,06:58 AM,07:53 PM,13,18,19,18,18,11,70,0,1022,24,10,233,12,Elverlingsen
2018-09-12,23,13,0,11.6,5,5,12,10:05 AM,09:28 PM,06:59 AM,07:51 PM,14,18,19,18,12,25,75,0,1021,23,10,191,9,Elverlingsen
2018-09-13,17,12,0,7.6,3,3,19,11:20 AM,09:53 PM,07:01 AM,07:49 PM,12,15,14,15,7,76,84,1.3,1021,17,10,32,5,Elverlingsen
2018-09-14,19,10,0,11.6,4,4,27,12:32 PM,10:21 PM,07:02 AM,07:46 PM,9,16,17,16,7,5,63,0,1021,19,10,203,5,Elverlingsen
2018-09-15,18,11,0,10.3,4,4,34,01:41 PM,10:52 PM,07:04 AM,07:44 PM,9,14,14,14,12,46,72,0.3,1024,18,10,244,8,Elverlingsen
2018-09-16,22,11,0,11.6,5,5,42,02:44 PM,11:29 PM,07:06 AM,07:42 PM,9,16,17,16,10,16,64,0,1023,22,10,162,6,Elverlingsen
2018-09-17,24,12,0,11.6,5,5,49,03:42 PM,No moonset,07:07 AM,07:40 PM,11,20,21,20,9,2,58,0,1019,24,10,173,6,Elverlingsen
2018-09-18,28,16,0,11.6,6,6,57,04:32 PM,12:11 AM,07:09 AM,07:37 PM,12,22,22,22,19,6,55,0,1014,28,10,201,11,Elverlingsen
2018-09-19,26,16,0,11.6,6,6,64,05:16 PM,01:00 AM,07:10 AM,07:35 PM,15,21,22,21,13,19,70,0,1018,26,10,213,9,Elverlingsen
2018-09-20,24,15,0,11.6,5,5,72,05:53 PM,01:55 AM,07:12 AM,07:33 PM,13,20,20,20,16,8,68,0,1017,24,10,198,11,Elverlingsen
2018-09-21,18,12,0,10.2,5,5,80,06:24 PM,02:54 AM,07:14 AM,07:30 PM,9,15,16,15,27,44,66,0.3,1010,18,9,219,17,Elverlingsen
2018-09-22,15,10,0,7.4,3,3,87,06:51 PM,03:57 AM,07:15 AM,07:28 PM,7,10,12,10,19,72,76,2.4,1019,15,9,238,14,Elverlingsen
2018-09-23,10,8,0,6,2,2,95,07:15 PM,05:03 AM,07:17 AM,07:26 PM,8,8,10,8,13,94,92,8.8,1014,10,7,150,10,Elverlingsen
2018-09-24,13,6,0,11.6,3,3,100,07:37 PM,06:09 AM,07:18 AM,07:24 PM,5,7,9,7,16,24,76,0.5,1031,13,10,293,12,Elverlingsen
2018-09-25,15,5,0,11.6,3,3,100,07:57 PM,07:18 AM,07:20 AM,07:21 PM,5,10,10,10,4,11,70,0,1038,15,10,208,3,Elverlingsen
2018-09-26,17,6,0,11.6,4,4,83,08:19 PM,08:27 AM,07:22 AM,07:19 PM,2,10,11,10,13,39,54,0,1034,17,10,197,8,Elverlingsen
2018-09-27,21,9,0,11.6,4,4,75,08:42 PM,09:38 AM,07:23 AM,07:17 PM,7,16,16,16,9,5,55,0,1028,21,10,184,6,Elverlingsen
2018-09-28,14,7,0,8.8,4,4,68,09:08 PM,10:50 AM,07:25 AM,07:14 PM,7,11,11,11,11,33,73,0,1025,14,10,117,8,Elverlingsen
2018-09-29,15,5,0,11.6,3,3,60,09:39 PM,12:03 PM,07:27 AM,07:12 PM,3,10,11,10,8,3,63,0,1028,15,10,83,6,Elverlingsen
2018-09-30,16,5,0,11.6,3,3,52,10:16 PM,01:15 PM,07:28 AM,07:10 PM,4,12,12,12,8,4,57,0,1018,16,10,230,5,Elverlingsen
2018-10-01,11,5,0,10.2,3,3,51,11:03 PM,02:24 PM,07:30 AM,07:07 PM,5,7,8,7,15,49,77,1.1,1018,11,10,301,11,Elverlingsen
2018-10-02,11,4,0,7.3,2,2,43,12:00 AM,03:27 PM,07:31 AM,07:05 PM,6,5,8,5,22,79,89,0,1019,11,10,234,14,Elverlingsen
2018-10-03,13,8,0,8.7,3,3,36,No moonrise,04:20 PM,07:33 AM,07:03 PM,7,9,10,9,15,63,79,0,1024,13,10,276,10,Elverlingsen
2018-10-04,16,7,0,11.6,4,4,29,01:07 AM,05:05 PM,07:35 AM,07:01 PM,8,11,12,11,10,28,81,0,1027,16,10,191,6,Elverlingsen
2018-10-05,20,8,0,11.2,4,4,21,02:21 AM,05:42 PM,07:36 AM,06:58 PM,10,16,16,16,13,0,72,0,1019,20,10,153,8,Elverlingsen
2018-10-06,22,11,0,11.2,5,5,14,03:41 AM,06:12 PM,07:38 AM,06:56 PM,12,17,18,17,14,6,74,0,1010,22,10,181,9,Elverlingsen
2018-10-07,14,8,0,11.1,4,4,7,05:01 AM,06:39 PM,07:40 AM,06:54 PM,7,11,12,11,14,38,76,0,1017,14,10,75,10,Elverlingsen
2018-10-08,16,6,0,11.1,4,4,0,06:21 AM,07:04 PM,07:41 AM,06:52 PM,6,12,12,12,4,5,69,0,1022,16,10,200,3,Elverlingsen
2018-10-09,19,9,0,5.5,3,3,0,07:40 AM,07:28 PM,07:43 AM,06:49 PM,10,14,14,14,8,47,75,0,1022,19,10,165,5,Elverlingsen
2018-10-10,22,11,0,11,5,5,0,08:56 AM,07:52 PM,07:44 AM,06:47 PM,11,17,17,17,16,5,71,0,1018,22,10,110,10,Elverlingsen
2018-10-11,22,12,0,11,5,5,7,10:11 AM,08:18 PM,07:46 AM,06:45 PM,13,17,18,17,15,14,77,0,1014,22,10,150,9,Elverlingsen
2018-10-12,23,13,0,11,5,5,15,11:23 AM,08:48 PM,07:48 AM,06:43 PM,13,18,19,18,19,15,74,0,1020,23,10,170,11,Elverlingsen
2018-10-13,25,15,0,10.9,5,5,22,12:30 PM,09:23 PM,07:49 AM,06:41 PM,13,20,20,20,20,8,65,0,1019,25,10,153,11,Elverlingsen
2018-10-14,23,14,0,10.9,5,5,29,01:32 PM,10:04 PM,07:51 AM,06:38 PM,12,18,19,18,21,4,66,0,1012,23,10,154,12,Elverlingsen
2018-10-15,23,15,0,10.8,5,5,36,02:26 PM,10:50 PM,07:53 AM,06:36 PM,11,19,19,19,10,11,63,0,1013,23,10,174,6,Elverlingsen
2018-10-16,23,15,0,10.1,5,5,44,03:14 PM,11:44 PM,07:54 AM,06:34 PM,11,19,19,19,5,26,64,0,1018,23,10,103,3,Elverlingsen
2018-10-17,22,13,0,10.8,5,5,51,03:53 PM,No moonset,07:56 AM,06:32 PM,11,17,17,17,9,17,70,0,1019,22,10,162,5,Elverlingsen
2018-10-18,15,10,0,8.5,3,3,58,04:26 PM,12:41 AM,07:58 AM,06:30 PM,11,12,13,12,12,52,87,0,1023,15,9,25,8,Elverlingsen
2018-10-19,14,8,0,8.5,4,4,66,04:54 PM,01:43 AM,07:59 AM,06:28 PM,9,12,12,12,8,55,86,0.1,1025,14,7,59,5,Elverlingsen
2018-10-20,14,6,0,10.3,3,3,73,05:18 PM,02:48 AM,08:01 AM,06:26 PM,7,11,10,11,6,20,79,0,1030,14,10,112,4,Elverlingsen
2018-10-21,15,6,0,10.2,3,3,80,05:41 PM,03:54 AM,08:03 AM,06:24 PM,7,11,11,11,5,7,75,0,1029,15,10,144,4,Elverlingsen
2018-10-22,12,6,0,8.3,3,3,87,06:01 PM,05:02 AM,08:04 AM,06:22 PM,6,9,9,9,8,46,81,0.5,1030,12,9,162,5,Elverlingsen
2018-10-23,11,5,0,5.1,2,2,95,06:22 PM,06:11 AM,08:06 AM,06:20 PM,6,6,8,6,26,72,83,0.2,1025,11,10,260,17,Elverlingsen
2018-10-24,12,11,0,5.1,3,3,100,06:45 PM,07:23 AM,08:08 AM,06:18 PM,10,10,12,10,26,99,89,0.5,1022,12,9,293,17,Elverlingsen
2018-10-25,12,9,0,5,3,3,100,07:10 PM,08:36 AM,08:10 AM,06:16 PM,9,9,11,9,17,81,88,0.2,1019,12,8,264,11,Elverlingsen
2018-10-26,9,7,0,5,2,2,84,07:39 PM,09:51 AM,08:11 AM,06:14 PM,6,6,8,6,17,89,87,1.5,1009,9,9,231,12,Elverlingsen
2018-10-27,7,3,0,8.3,2,2,76,08:14 PM,11:05 AM,08:13 AM,06:12 PM,2,4,5,4,11,54,82,0,1008,7,10,222,8,Elverlingsen
2018-10-28,5,1,0,9.9,2,2,69,08:59 PM,12:17 PM,08:15 AM,06:10 PM,0,0,3,0,22,51,77,0,1014,5,10,44,16,Elverlingsen
2018-10-29,6,3,0,5,1,1,62,09:53 PM,01:23 PM,08:16 AM,06:08 PM,1,1,4,1,19,90,79,0,1004,6,10,52,14,Elverlingsen
2018-10-30,7,4,0,4.9,2,2,54,10:57 PM,02:20 PM,08:18 AM,06:06 PM,3,2,5,2,28,94,85,3.3,992,7,8,161,19,Elverlingsen
2018-10-31,10,3,0,8.3,3,3,51,No moonrise,03:07 PM,08:20 AM,06:05 PM,3,5,7,5,20,61,75,0,1014,10,10,163,13,Elverlingsen
2018-11-01,10,6,0,9.8,3,3,34,12:09 AM,03:45 PM,08:22 AM,06:03 PM,5,7,9,7,16,52,78,0.8,1012,10,10,153,9,Elverlingsen
2018-11-02,10,4,0,8.2,2,2,26,01:25 AM,04:16 PM,08:23 AM,06:01 PM,5,7,8,7,14,60,83,0,1022,10,10,242,10,Elverlingsen
2018-11-03,10,2,0,8.7,3,3,19,02:43 AM,04:42 PM,08:25 AM,05:59 PM,3,6,7,6,5,5,76,0,1029,10,10,122,3,Elverlingsen
2018-11-04,11,4,0,7,3,3,11,04:01 AM,05:07 PM,08:27 AM,05:58 PM,6,7,8,7,11,37,88,0,1018,11,10,128,7,Elverlingsen
2018-11-05,13,6,0,8.7,3,3,4,05:19 AM,05:30 PM,08:29 AM,05:56 PM,8,9,10,9,10,44,89,0,1010,13,7,128,6,Elverlingsen
2018-11-06,17,9,0,8.7,4,4,0,06:34 AM,05:53 PM,08:30 AM,05:54 PM,8,12,12,12,15,9,75,0,1008,17,10,136,8,Elverlingsen
2018-11-07,15,8,0,8.7,4,4,0,07:50 AM,06:18 PM,08:32 AM,05:53 PM,7,10,11,10,20,36,77,0,1010,15,10,171,12,Elverlingsen
2018-11-08,13,7,0,8.7,3,3,0,09:03 AM,06:46 PM,08:34 AM,05:51 PM,8,9,10,9,12,36,85,0.1,1020,13,10,162,7,Elverlingsen
2018-11-09,13,8,0,8.7,4,4,4,10:13 AM,07:18 PM,08:36 AM,05:50 PM,8,9,10,9,18,48,84,0.2,1014,13,9,151,11,Elverlingsen
2018-11-10,12,10,0,3.4,3,3,11,11:19 AM,07:56 PM,08:37 AM,05:48 PM,8,9,11,9,29,82,82,1.2,1006,12,10,171,18,Elverlingsen
2018-11-11,12,10,0,3.4,3,3,19,12:18 PM,08:40 PM,08:39 AM,05:47 PM,9,9,11,9,25,85,86,6.9,1008,12,8,190,16,Elverlingsen
2018-11-12,16,10,0,3.4,3,3,26,01:09 PM,09:31 PM,08:41 AM,05:45 PM,10,12,12,12,15,84,87,1.7,1015,16,8,199,10,Elverlingsen
2018-11-13,11,7,0,8.7,3,3,34,01:52 PM,10:27 PM,08:43 AM,05:44 PM,7,8,10,8,20,50,86,0.4,1024,11,9,223,13,Elverlingsen
2018-11-14,10,5,0,8.7,3,3,41,02:27 PM,11:28 PM,08:44 AM,05:42 PM,5,6,8,6,12,17,86,0,1029,10,10,168,8,Elverlingsen
2018-11-15,9,3,0,8.7,2,2,49,02:57 PM,No moonset,08:46 AM,05:41 PM,2,5,6,5,11,6,76,0,1027,9,10,140,7,Elverlingsen
2018-11-16,10,3,0,8.7,3,3,56,03:22 PM,12:31 AM,08:48 AM,05:40 PM,2,5,7,5,12,6,74,0,1029,10,10,119,8,Elverlingsen
2018-11-17,9,2,0,8.7,2,2,64,03:45 PM,01:37 AM,08:49 AM,05:38 PM,-1,2,5,2,22,4,66,0,1032,9,10,93,13,Elverlingsen
2018-11-18,6,0,0,8.7,2,2,72,04:05 PM,02:43 AM,08:51 AM,05:37 PM,-6,-1,3,-1,20,9,54,0,1029,6,10,68,13,Elverlingsen
2018-11-19,5,2,0.1,3.3,1,1,79,04:26 PM,03:52 AM,08:53 AM,05:36 PM,-1,-1,3,-1,27,76,76,0.1,1020,5,10,59,18,Elverlingsen
2018-11-20,3,1,0,6.9,2,2,87,04:47 PM,05:02 AM,08:55 AM,05:35 PM,-3,-3,1,-3,25,64,73,0,1012,3,10,91,18,Elverlingsen
2018-11-21,4,-1,0,8.7,2,2,94,05:10 PM,06:14 AM,08:56 AM,05:34 PM,-1,-1,2,-1,12,24,82,0,1017,4,10,96,8,Elverlingsen
2018-11-22,5,0,0,8.7,2,2,100,05:38 PM,07:30 AM,08:58 AM,05:33 PM,0,0,2,0,10,53,84,0,1021,5,10,116,7,Elverlingsen
2018-11-23,7,0,0,8.7,2,2,100,06:10 PM,08:46 AM,08:59 AM,05:32 PM,1,2,4,2,12,9,81,0,1019,7,10,119,7,Elverlingsen
2018-11-24,4,2,0,2.1,1,1,83,06:51 PM,10:02 AM,09:01 AM,05:31 PM,1,1,3,1,10,73,88,2.1,1013,4,10,146,6,Elverlingsen
2018-11-25,5,3,0,2.1,1,1,76,07:43 PM,11:13 AM,09:03 AM,05:30 PM,3,3,4,3,8,89,92,0.1,1011,5,6,92,6,Elverlingsen
2018-11-26,5,2,0,2.1,1,1,68,08:46 PM,12:15 PM,09:04 AM,05:29 PM,2,2,4,2,13,97,90,0,1012,5,10,60,9,Elverlingsen
2018-11-27,4,-1,0,3.9,1,1,60,09:57 PM,01:07 PM,09:06 AM,05:28 PM,0,0,2,0,9,63,86,0,1020,4,10,108,6,Elverlingsen
2018-11-28,4,0,0,2.1,1,1,53,11:14 PM,01:49 PM,09:07 AM,05:27 PM,-1,-1,3,-1,26,56,77,0,1021,4,10,157,17,Elverlingsen
2018-11-29,7,5,0,3.9,2,2,45,No moonrise,02:21 PM,09:09 AM,05:26 PM,3,2,6,2,31,62,85,0.4,1016,7,9,163,19,Elverlingsen
2018-11-30,9,6,0,2,2,2,38,12:32 AM,02:49 PM,09:10 AM,05:26 PM,5,5,7,5,18,75,90,0.4,1013,9,9,183,11,Elverlingsen
2018-12-01,8,5,0,2,2,2,36,01:50 AM,03:13 PM,09:11 AM,05:25 PM,4,3,6,3,23,69,87,0.3,1013,8,8,195,14,Elverlingsen
2018-12-02,12,8,0,2,2,2,29,03:06 AM,03:36 PM,09:13 AM,05:24 PM,8,7,10,7,26,98,91,1.9,1002,12,10,212,17,Elverlingsen
2018-12-03,11,9,0,2,3,3,22,04:20 AM,03:58 PM,09:14 AM,05:24 PM,9,9,11,9,22,90,90,4.1,1002,11,9,235,14,Elverlingsen
2018-12-04,9,3,0,5.8,3,3,15,05:35 AM,04:21 PM,09:16 AM,05:23 PM,3,4,6,4,12,49,83,0.3,1019,9,10,265,8,Elverlingsen
2018-12-05,5,1,0,2,1,1,7,06:47 AM,04:47 PM,09:17 AM,05:23 PM,1,1,4,1,17,71,84,0.4,1024,5,9,149,11,Elverlingsen
2018-12-06,10,6,0,2,2,2,0,07:58 AM,05:16 PM,09:18 AM,05:23 PM,7,6,8,6,20,100,92,0.6,1016,10,7,204,13,Elverlingsen
2018-12-07,10,7,0,2,2,2,0,09:05 AM,05:51 PM,09:19 AM,05:22 PM,7,7,9,7,28,100,86,4.9,1008,10,10,219,19,Elverlingsen
2018-12-08,9,5,0,2,2,2,0,10:07 AM,06:32 PM,09:20 AM,05:22 PM,3,3,7,3,34,97,80,9.8,1003,9,9,236,23,Elverlingsen
2018-12-09,8,5,0,2,2,2,7,11:02 AM,07:21 PM,09:22 AM,05:22 PM,4,3,7,3,34,96,82,7.1,1001,8,9,273,23,Elverlingsen
2018-12-10,4,2,0.1,3.9,2,2,14,11:49 AM,08:15 PM,09:23 AM,05:22 PM,0,0,3,0,24,63,80,1.1,1019,4,10,284,16,Elverlingsen
2018-12-11,4,1,0.5,3.9,2,2,21,12:27 PM,09:15 PM,09:24 AM,05:21 PM,0,0,2,0,15,52,87,0.6,1023,4,9,288,9,Elverlingsen
2018-12-12,3,1,0,5.8,2,2,29,12:59 PM,10:17 PM,09:25 AM,05:21 PM,0,0,2,0,9,57,88,0,1026,3,10,126,6,Elverlingsen
2018-12-13,1,-1,0,5.8,2,2,36,01:26 PM,11:21 PM,09:26 AM,05:21 PM,-3,-3,1,-3,17,21,78,0,1022,1,10,77,11,Elverlingsen
2018-12-14,1,-2,0,5.8,2,2,43,01:49 PM,No moonset,09:27 AM,05:21 PM,-5,-3,0,-3,11,28,72,0,1024,1,10,83,8,Elverlingsen
2018-12-15,0,-2,0,5.8,2,2,51,02:10 PM,12:26 AM,09:27 AM,05:22 PM,-7,-5,-1,-5,15,23,66,0,1025,0,10,127,11,Elverlingsen
2018-12-16,1,-2,0.5,2,1,1,58,02:30 PM,01:33 AM,09:28 AM,05:22 PM,-5,-5,-1,-5,18,84,74,0.7,1014,1,9,167,12,Elverlingsen
2018-12-17,5,0,0,2,1,1,65,02:50 PM,02:40 AM,09:29 AM,05:22 PM,2,0,3,0,17,89,94,0.9,1020,5,5,192,10,Elverlingsen
2018-12-18,5,2,0,5.8,2,2,72,03:11 PM,03:51 AM,09:30 AM,05:22 PM,2,0,3,0,22,36,88,0,1023,5,7,163,13,Elverlingsen
2018-12-19,7,4,0,5.8,1,1,80,03:36 PM,05:03 AM,09:30 AM,05:23 PM,3,2,5,2,23,78,84,0.2,1014,7,10,172,14,Elverlingsen
2018-12-20,7,5,0,2,2,2,87,04:05 PM,06:18 AM,09:31 AM,05:23 PM,4,3,6,3,21,88,88,2.3,1013,7,8,198,13,Elverlingsen
2018-12-21,11,6,0,2,2,2,94,04:41 PM,07:36 AM,09:32 AM,05:23 PM,6,5,8,5,35,99,85,5.5,1006,11,9,221,22,Elverlingsen
2018-12-22,9,6,0,2,2,2,100,05:29 PM,08:51 AM,09:32 AM,05:24 PM,6,5,8,5,28,96,85,2.2,1013,9,10,259,18,Elverlingsen
2018-12-23,7,6,0,2,2,2,100,06:27 PM,10:00 AM,09:33 AM,05:25 PM,5,4,6,4,14,95,93,7.5,1018,7,8,236,10,Elverlingsen
2018-12-24,5,1,0,5.8,2,2,84,07:38 PM,10:59 AM,09:33 AM,05:25 PM,1,2,4,2,12,60,86,1.2,1028,5,10,318,9,Elverlingsen
2018-12-25,4,1,0,2,1,1,77,08:55 PM,11:46 AM,09:33 AM,05:26 PM,0,0,2,0,13,82,87,0,1036,4,10,250,8,Elverlingsen
2018-12-26,2,-1,0,3.9,2,2,69,10:16 PM,12:23 PM,09:34 AM,05:27 PM,-2,-1,1,-1,10,51,80,0,1033,2,10,211,6,Elverlingsen
2018-12-27,4,0,0,2,1,1,62,11:37 PM,12:54 PM,09:34 AM,05:27 PM,-1,1,2,1,9,74,77,0,1028,4,10,181,5,Elverlingsen
2018-12-28,3,-1,0,5.8,2,2,55,No moonrise,01:20 PM,09:34 AM,05:28 PM,-2,2,3,2,6,30,74,0,1029,3,10,237,4,Elverlingsen
2018-12-29,7,2,0,2,1,1,48,12:55 AM,01:43 PM,09:34 AM,05:29 PM,2,1,4,1,20,97,89,0.4,1030,7,8,238,13,Elverlingsen
2018-12-30,6,5,0,2,2,2,40,02:10 AM,02:05 PM,09:34 AM,05:30 PM,4,3,6,3,20,97,90,1,1031,6,8,281,13,Elverlingsen
2018-12-31,8,6,0,2,2,2,36,03:25 AM,02:27 PM,09:34 AM,05:31 PM,6,6,7,6,10,91,96,0.5,1033,8,3,267,7,Elverlingsen
2019-01-01,6,5,0,2,2,2,26,04:36 AM,02:51 PM,09:34 AM,05:32 PM,3,1,5,1,29,98,87,1.7,1029,6,7,291,20,Elverlingsen
